CenterX,CenterY,Eccentricity,KurtosisX,KurtosisY,GrdGrid1_x,GrdGrid1_y,GrdGrid2_x,GrdGrid2_y,GrdGrid3_x,GrdGrid3_y,GrdGrid4_x,GrdGrid4_y,GrdGrid1_5,GrdGrid5_y,GrdGrid6_x,GrdGrid6_y,GrdGrid7_x,GrdGrid7_y,GrdGrid8_x,GrdGrid8_y,PressGrid1,PressGrid2,PressGrid3,PressGrid4,PressGrid5,PressGrid6,PressGrid7,PressGrid8,PressGrid9,PressGrid10,PressGrid11,PressGrid12,PressGrid13,PressGrid14,PressGrid15,PressGrid16,Genuine
134.0,259.0,0.9284,0.3425,0.6295,0.0,0.0,0.0,0.0,-0.5,0.5,0.0,0.0,-0.5,0.5,0.0,0.0,0.0,0.0,-0.5,0.5,-1.5,0.0,0.0,0.0,102.2,103.233,103.233,103.233,101.969,102.521,98.011,98.731,101.96,99.752,92.553,102.936,99.317,102.229,101.725,102.999,1
150.0,240.0,0.9049,0.1956,-0.1938,0.0,0.0,0.0,0.0,1.0,-1.0,1.5,0.0,-0.5,0.5,0.0,0.0,0.5,-0.5,0.0,0.0,0.0,0.0,0.0,0.0,101.763,102.798,102.269,102.797,101.937,102.975,97.027,99.79,101.915,95.47,88.245,99.855,100.283,99.322,102.975,102.992,0
129.0,289.0,0.8908,0.2435,0.7478,0.0,0.0,0.0,0.0,-0.5,0.5,0.0,0.0,0.5,-0.5,0.0,0.0,0.0,0.0,0.5,-0.5,0.0,0.0,0.0,0.0,101.837,102.862,102.538,102.864,101.961,102.999,97.643,95.522,101.97,102.72,91.233,100.573,101.144,100.408,102.313,102.992,1
149.0,248.0,0.9149,0.97,-0.6905,0.0,0.0,0.0,0.0,0.0,0.0,0.0,0.0,0.0,0.0,0.0,0.0,-0.5,0.5,0.0,0.0,0.0,0.0,0.0,0.0,101.837,102.864,102.43,102.86,101.962,102.793,100.216,102.115,101.31,92.317,92.365,98.832,100.22,102.075,102.805,102.988,0
166.0,212.0,0.8388,0.1028,0.1985,0.0,0.0,0.0,0.0,0.5,-0.5,0.0,0.0,0.0,0.0,0.0,0.0,0.0,0.0,-0.5,0.5,-0.5,0.5,0.0,0.0,101.073,102.082,100.45,102.093,101.956,102.557,97.158,102.758,101.564,96.94,90.406,98.918,99.155,93.582,98.39,102.962,0
148.0,228.0,0.9223,-0.8157,-0.0537,0.0,0.0,0.5,-0.5,0.5,-0.5,1.0,-1.0,-0.5,0.5,0.0,0.0,1.5,-1.5,2.0,-1.5,0.0,0.0,0.0,0.0,102.001,103.028,102.818,103.033,101.969,100.147,96.861,100.186,101.939,94.591,94.382,101.656,97.735,95.706,102.486,102.996,0
165.0,241.0,0.8971,1.3116,-0.0145,0.0,0.0,0.0,0.0,0.0,0.0,0.0,0.0,0.0,0.0,0.0,0.0,-0.5,0.5,0.0,0.0,0.5,-0.5,0.5,-0.5,101.836,102.863,102.51,102.813,101.97,102.995,100.639,102.998,101.965,98.58,90.224,96.857,100.751,98.42,99.408,102.992,0
141.0,221.0,0.9435,-0.7785,0.136,0.0,0.0,0.0,0.0,1.0,-1.0,0.0,0.0,0.0,0.0,0.0,0.0,-0.5,0.5,1.0,-1.0,-0.5,0.5,0.0,0.0,102.218,103.25,103.25,103.25,102.141,101.886,99.16,100.589,100.241,91.807,96.582,102.711,99.421,98.318,103.137,103.136,0
137.0,275.0,0.9118,-0.0781,0.4345,0.0,0.0,0.0,0.0,1.0,0.5,0.5,-0.5,-0.5,0.5,0.0,0.0,0.0,0.0,1.0,-1.0,0.0,0.0,0.0,0.0,101.838,102.866,102.314,102.865,101.968,102.996,97.267,97.234,101.969,101.813,90.742,100.507,100.788,98.663,102.391,103.0,1
141.0,266.0,0.866,-0.4224,-0.1487,0.0,0.0,0.0,0.0,0.5,0.5,0.5,-0.5,0.0,0.0,0.0,0.0,0.0,0.0,0.5,-0.5,0.5,-0.5,0.0,0.0,101.23,102.265,100.371,102.266,101.967,102.998,97.056,95.11,101.97,101.7,89.176,99.635,101.507,96.45,102.255,102.999,1
130.0,266.0,0.9078,0.5766,0.8088,0.0,0.0,0.0,0.0,0.0,0.5,0.0,0.0,0.5,-0.5,0.0,0.0,0.0,0.0,1.0,0.0,0.5,-0.5,0.0,0.0,101.766,102.797,102.13,102.798,101.968,102.998,95.435,96.353,101.97,101.962,88.915,102.469,100.788,100.775,102.851,102.996,1
143.0,224.0,0.925,-0.2913,0.3611,0.0,0.0,0.0,0.0,0.0,0.0,0.5,-0.5,0.5,-0.5,0.0,0.0,0.0,0.0,0.0,0.0,0.0,0.0,0.0,0.0,101.969,103.0,102.779,103.0,101.97,102.421,97.802,99.046,101.959,94.841,94.945,102.997,99.954,100.812,102.435,102.996,0
126.0,287.0,0.8814,0.4827,1.0606,0.0,0.0,0.0,0.0,0.0,0.0,-0.5,0.5,0.0,0.0,0.0,0.0,0.0,0.0,-1.0,1.0,0.0,0.0,0.0,0.0,101.275,102.298,102.295,101.519,101.968,102.994,98.307,91.566,101.349,102.97,89.418,100.847,100.982,100.446,101.367,102.999,0
130.0,268.0,0.9132,-0.0902,0.1435,0.0,0.0,0.0,0.0,-0.5,0.5,-0.5,0.5,0.5,-0.5,0.0,0.0,0.0,0.0,0.5,-0.5,-0.5,0.5,0.0,0.0,101.937,102.966,102.966,102.966,101.97,103.0,95.822,99.828,101.97,99.486,92.199,102.545,101.134,98.2,101.195,103.0,1
151.0,229.0,0.9079,-0.5926,0.2252,0.0,0.0,0.0,0.0,-0.5,0.5,-0.5,0.5,0.0,0.0,0.0,0.0,1.0,-0.5,-0.5,0.5,-0.5,-0.5,0.0,0.0,102.034,103.066,102.923,103.066,101.966,102.99,99.538,98.833,101.943,92.752,94.973,102.903,100.121,97.37,99.947,102.99,0
116.0,258.0,0.8769,0.285,0.4276,0.0,0.0,0.0,0.0,1.5,-0.5,-0.5,0.5,0.0,0.0,0.0,0.0,-0.5,0.5,-0.5,0.5,0.0,0.0,0.0,0.0,100.848,101.865,101.788,100.824,101.97,102.613,91.144,96.058,101.969,98.488,92.236,103.0,99.968,101.486,102.991,103.0,1
150.0,272.0,0.8883,-0.5464,0.327,0.0,0.0,0.0,0.0,0.5,0.5,0.0,0.0,0.5,-0.5,0.0,0.0,0.0,0.0,0.5,-0.5,1.0,-0.5,0.0,0.0,101.409,102.433,102.267,102.423,101.97,102.997,97.693,99.907,101.968,101.624,85.697,98.24,100.538,99.802,97.535,101.737,1
131.0,285.0,0.8945,0.1785,0.6206,0.0,0.0,0.0,0.0,1.0,0.0,0.5,-0.5,0.0,0.0,0.0,0.0,0.0,0.0,0.0,0.0,0.5,-0.5,0.0,0.0,101.504,102.533,102.534,101.424,101.969,102.999,97.838,92.727,101.969,102.946,90.014,100.91,100.921,100.919,101.055,102.139,1
128.0,264.0,0.9264,0.1698,0.2539,0.0,0.0,0.0,0.0,0.5,-0.5,0.5,-0.5,0.0,0.0,0.0,0.0,0.0,0.0,-1.0,1.0,0.0,0.0,0.0,0.0,102.134,103.162,103.165,103.166,101.966,102.993,93.966,98.273,101.968,99.165,91.899,102.998,99.712,100.463,102.907,102.996,1
138.0,248.0,0.8856,0.2502,0.2804,0.0,0.0,0.0,0.0,-0.5,0.0,0.0,0.0,0.0,0.0,0.0,0.0,0.0,0.0,0.0,0.0,0.0,0.0,0.0,0.0,101.405,102.426,102.231,102.432,101.967,102.996,95.971,98.821,101.965,99.844,93.165,102.996,101.612,101.065,101.528,102.997,1
136.0,254.0,0.915,0.547,0.8287,0.0,0.0,0.0,0.0,-0.5,0.5,0.0,0.0,-0.5,0.5,0.0,0.0,0.0,0.5,0.5,-0.5,1.5,-1.0,0.0,0.0,101.997,103.031,103.029,102.737,101.969,102.999,97.162,97.974,101.968,99.171,88.76,101.359,99.805,101.312,102.991,102.995,0
151.0,246.0,0.8776,-0.1745,0.3784,0.0,0.0,0.0,0.0,0.0,0.0,-0.5,0.5,-0.5,0.5,0.0,0.0,0.0,0.0,0.5,-0.5,0.0,0.0,0.0,0.0,101.504,102.532,102.53,101.061,101.965,102.992,99.496,99.186,101.964,100.543,88.693,100.542,100.964,97.644,100.573,102.995,0
147.0,230.0,0.8903,0.7104,-0.3184,0.0,0.0,0.0,0.0,-0.5,0.5,0.5,-0.5,0.5,-0.5,0.0,0.0,-2.5,2.5,1.0,-1.0,0.0,0.0,0.0,0.0,101.439,102.447,101.319,102.464,101.962,101.99,97.802,100.499,99.446,90.928,92.374,101.252,100.299,101.465,101.659,102.999,0
142.0,277.0,0.8465,0.0856,0.742,0.0,0.0,0.0,0.0,0.0,0.5,0.5,-0.5,0.5,-0.5,0.0,0.0,0.0,0.0,-0.5,0.0,0.0,0.0,0.0,0.0,100.943,101.964,99.581,101.966,101.964,102.998,97.116,94.874,101.965,102.235,90.795,96.751,101.966,100.716,98.427,102.795,1
124.0,298.0,0.9353,0.1851,-0.5629,0.0,0.0,0.0,0.0,0.0,0.0,-0.5,0.5,0.0,0.0,0.0,0.0,0.0,0.0,0.5,-0.5,1.0,-0.5,0.0,0.0,102.218,103.25,103.25,103.25,102.151,102.765,101.282,98.324,101.897,98.255,97.07,101.974,99.688,100.311,103.097,103.15,1
135.0,238.0,0.9377,-0.5505,-1.2233,0.0,0.0,0.5,0.5,-0.5,0.5,0.0,0.0,-0.5,0.5,0.0,0.0,0.0,0.0,-0.5,0.5,0.0,0.0,0.0,0.0,102.218,103.25,103.25,103.25,101.73,95.113,98.037,94.009,96.551,93.074,95.619,98.795,96.317,97.154,103.071,103.059,0
152.0,228.0,0.9174,-0.1505,-0.2101,0.0,0.0,0.0,0.0,0.0,0.0,0.5,0.0,0.0,0.0,0.0,0.0,0.0,0.0,0.0,0.0,0.0,0.0,0.0,0.0,101.739,102.766,102.766,102.763,101.97,102.109,101.588,98.77,101.97,98.778,95.693,101.552,98.916,98.608,103.0,103.0,1
152.0,223.0,0.8493,-0.1403,-0.1315,0.0,0.0,0.0,0.0,0.5,-0.5,0.0,0.0,0.0,0.0,0.0,0.0,0.0,0.0,0.5,-0.5,0.0,0.0,0.0,0.0,100.913,101.932,101.931,101.931,101.97,101.844,101.245,100.192,101.97,100.835,96.343,101.777,101.173,97.903,102.814,102.999,1
148.0,220.0,0.9366,-0.5215,2.5788,0.0,0.0,0.0,0.0,0.0,0.0,0.0,0.0,0.0,0.0,0.0,0.0,0.0,0.0,-0.5,0.5,0.0,0.0,0.0,0.0,102.218,103.25,103.25,103.25,102.513,103.549,101.624,100.938,101.945,99.061,98.187,101.244,100.061,101.638,103.332,103.55,1
144.0,227.0,0.9045,-0.3177,-0.9304,0.0,0.0,0.5,0.5,-0.5,0.0,0.0,0.0,0.0,0.0,0.0,0.0,-1.5,1.0,-1.0,0.5,-0.5,0.5,0.0,0.0,101.701,100.664,102.731,102.728,100.604,96.632,99.284,95.263,92.719,92.681,90.604,96.658,100.139,93.375,101.353,102.988,0
159.0,260.0,0.8995,0.8103,-1.1531,0.0,0.0,0.0,0.0,0.0,0.0,0.0,0.0,0.0,0.0,0.0,0.5,0.0,0.0,1.0,0.0,0.0,0.0,0.0,0.0,101.574,101.074,102.468,102.598,101.197,101.055,102.996,102.987,100.158,100.66,93.027,91.983,96.291,93.943,98.922,102.984,0
156.0,207.0,0.8929,-0.5459,2.2506,0.0,0.0,0.0,0.0,0.0,0.5,0.0,0.0,0.0,0.0,0.0,0.0,0.0,0.0,0.0,0.0,-1.5,1.5,0.0,0.0,101.838,102.866,102.372,102.867,101.969,102.346,100.451,99.835,101.97,100.108,96.306,100.88,100.152,100.276,102.645,103.0,1
134.0,252.0,0.9385,-0.6002,-0.8799,0.0,0.0,0.0,0.0,2.0,-2.0,-0.5,0.5,0.0,0.0,0.5,-0.5,0.5,-0.5,-0.5,-1.0,0.0,1.0,0.0,0.0,102.218,103.25,103.25,103.25,102.31,100.281,98.883,97.963,99.385,92.837,94.663,98.032,101.566,99.263,103.347,103.348,0
155.0,212.0,0.8851,-0.975,0.0863,0.0,0.0,0.0,0.0,-0.5,0.5,0.0,0.0,0.5,-0.5,0.0,0.0,0.0,0.0,0.5,-0.5,0.0,0.0,0.0,0.0,101.474,102.499,102.5,102.269,101.97,102.495,100.219,98.5,101.97,98.831,97.21,101.81,100.079,99.431,103.0,103.0,1
160.0,235.0,0.9435,-0.3689,-0.8906,0.0,0.0,0.0,0.0,0.0,0.0,0.0,0.0,0.0,0.0,0.0,0.5,0.5,-0.5,0.0,0.0,0.5,-0.5,-0.5,0.5,102.218,103.25,103.25,103.25,101.969,100.857,102.312,100.499,99.884,98.754,95.385,96.697,97.855,93.507,100.516,103.19,0
153.0,251.0,0.8796,1.9195,0.5535,0.0,0.0,0.0,0.0,0.0,0.0,1.0,0.5,0.0,0.0,0.0,0.0,0.0,0.0,0.0,0.0,0.5,-0.5,0.0,0.0,100.55,101.564,101.567,101.401,101.97,102.627,102.128,100.78,101.97,101.263,97.342,101.705,101.652,98.807,102.692,103.0,1
145.0,277.0,0.9313,-0.914,-1.0049,0.0,0.0,0.0,0.0,0.0,0.0,0.5,-0.5,0.5,-0.5,0.0,0.0,0.0,0.0,1.0,-1.0,0.5,-0.5,0.0,0.0,102.002,103.032,103.033,103.033,101.97,102.998,101.451,97.954,101.97,100.095,96.282,101.91,99.845,100.112,102.994,102.999,1
128.0,230.0,0.8764,0.6559,-1.0867,0.0,0.0,-0.5,0.5,0.0,0.0,0.0,0.0,0.5,-0.5,0.0,0.0,0.0,0.0,-0.5,-0.5,-0.5,0.5,0.0,0.0,101.24,100.614,100.671,102.266,100.814,94.815,96.126,95.052,93.951,89.692,97.018,98.555,96.93,99.937,102.999,102.996,0
150.0,198.0,0.9197,-0.7964,-0.6712,0.0,0.0,0.0,0.0,0.0,0.0,0.0,0.0,0.5,-0.5,-0.5,0.5,0.5,-0.5,0.5,-0.5,0.0,0.0,0.0,0.0,102.003,103.033,103.033,103.033,101.97,102.5,100.332,98.058,100.861,97.392,95.553,102.625,100.424,97.912,102.841,103.0,1
149.0,212.0,0.9109,-0.4983,-0.9059,0.0,0.0,-0.5,0.5,0.0,0.0,-0.5,0.5,0.0,0.0,0.0,0.0,0.0,0.0,-1.0,1.0,0.0,0.0,0.0,0.0,101.623,101.681,102.823,102.828,98.94,101.203,102.477,97.428,98.314,92.859,91.669,97.232,96.978,93.021,102.59,102.993,0
139.0,226.0,0.9337,-0.7674,-1.435,0.0,0.0,0.0,0.0,0.5,-0.5,0.5,-0.5,0.0,0.0,0.0,0.0,1.5,-1.5,0.0,0.0,0.0,0.0,0.0,0.0,102.069,103.1,103.1,103.085,101.969,102.271,99.861,100.353,101.291,96.723,99.372,101.077,99.663,101.966,102.999,102.999,1
146.0,277.0,0.9181,-0.597,-0.8842,0.0,0.0,0.0,0.0,0.0,0.0,0.5,0.5,-0.5,0.5,0.0,0.0,0.0,0.0,0.0,0.0,1.0,-1.0,0.0,0.0,101.735,102.522,102.712,102.764,101.91,100.815,102.169,96.591,100.153,101.033,85.739,92.988,95.689,94.193,101.798,102.972,0
126.0,277.0,0.9158,0.423,1.0239,0.0,0.0,0.0,0.0,0.0,0.0,0.5,-0.5,0.0,0.0,0.0,0.0,0.0,0.0,0.5,-0.5,0.0,0.0,0.0,0.0,102.135,103.166,103.166,103.167,101.969,102.703,100.307,98.183,101.969,100.506,97.788,102.559,99.6,100.689,103.0,102.999,1
179.0,173.0,0.9134,-1.2533,-0.6663,0.0,0.0,0.0,0.0,0.0,0.0,0.0,0.0,0.0,0.0,0.0,0.0,0.0,0.0,1.0,-1.0,0.0,0.0,0.0,0.0,102.002,103.033,103.033,103.032,101.97,102.942,102.873,101.581,101.97,99.514,97.467,101.903,100.191,99.19,103.0,102.999,1
168.0,243.0,0.895,-0.4358,-0.9479,0.0,0.0,0.0,0.0,0.0,0.0,0.0,0.0,1.0,-0.5,-0.5,0.0,-1.0,1.0,0.0,-1.0,0.5,-0.5,0.5,0.5,101.682,100.409,97.789,101.766,101.3,96.983,94.843,89.242,90.584,84.837,85.299,90.67,89.455,81.853,83.482,78.243,0
161.0,227.0,0.8242,-0.8633,-1.3199,0.0,0.0,0.5,-0.5,0.0,0.0,-0.5,0.5,0.0,0.0,0.0,0.0,-0.5,0.5,1.0,-1.0,0.5,-0.5,0.0,0.0,102.218,103.25,103.25,103.25,103.754,93.835,101.022,98.184,101.73,86.536,86.95,92.45,102.791,86.109,91.995,92.511,1
156.0,240.0,0.9011,-0.9447,-1.2269,0.0,0.0,-0.5,0.5,1.0,0.0,0.0,0.0,0.0,0.0,0.0,0.0,-3.5,3.5,0.5,-1.5,0.0,0.0,0.0,0.0,102.218,103.25,103.25,103.25,103.788,97.387,99.868,98.561,102.6,84.703,88.74,92.358,103.794,96.214,96.361,95.088,1
180.0,246.0,0.838,0.4027,-1.1112,0.0,0.0,0.0,0.0,2.0,-0.5,0.0,0.0,0.0,0.0,0.0,0.0,-1.0,1.0,0.0,0.0,0.0,0.0,-0.5,0.5,102.148,102.999,102.403,103.0,103.4,100.13,98.271,102.881,102.6,90.621,92.274,94.685,99.495,89.013,83.626,85.142,1
158.0,221.0,0.893,0.1528,-0.9324,0.5,0.5,-0.5,1.5,-1.0,0.5,0.0,0.0,0.0,0.0,0.0,0.0,1.5,-1.5,-0.5,0.5,1.5,-0.5,0.5,-0.5,101.472,98.481,102.486,102.496,98.019,94.975,96.615,98.4,83.179,84.701,75.08,84.902,89.79,92.94,89.074,93.575,0
158.0,246.0,0.9288,-0.7427,-0.8987,0.0,0.0,0.5,-0.5,0.5,-0.5,0.0,0.0,0.0,0.0,0.0,0.0,0.5,-0.5,1.0,-2.0,0.0,0.0,0.0,0.0,102.165,103.117,103.19,103.196,98.725,90.109,93.495,91.427,92.614,81.872,79.563,87.338,92.452,87.599,89.192,83.995,0
151.0,266.0,0.8029,0.2081,-1.0971,0.0,0.0,0.0,0.0,0.0,-1.0,0.5,-0.5,0.0,0.0,0.0,0.0,-0.5,1.0,-2.0,0.0,2.0,-1.0,0.0,0.0,101.97,102.505,100.299,102.532,103.257,97.337,99.772,96.109,103.256,93.165,84.374,80.487,101.472,94.697,98.382,99.858,1
161.0,233.0,0.8586,-0.4811,-1.2758,0.0,0.0,-0.5,0.5,0.0,0.0,1.0,0.0,0.0,0.0,0.0,0.0,0.5,-0.5,1.0,-0.5,0.5,-0.5,-0.5,-0.5,102.218,103.25,103.25,103.25,103.727,96.089,102.936,101.449,102.379,85.217,83.857,86.938,103.57,90.825,94.0,94.81,1
166.0,248.0,0.8315,-0.1347,-1.2386,0.0,0.0,0.5,-0.5,0.0,0.0,-0.5,0.5,0.0,0.0,0.0,0.0,2.0,-2.0,0.5,0.5,-1.0,1.0,0.0,0.0,102.218,103.25,103.25,103.25,103.95,99.911,99.589,100.188,103.95,88.664,89.824,86.832,103.95,92.72,90.344,95.599,1
175.0,249.0,0.8758,-0.2515,-1.35,0.0,0.0,-0.5,0.5,0.0,0.0,0.0,0.0,0.0,0.0,0.0,0.0,0.5,-0.5,0.5,0.5,-1.5,1.5,0.0,0.0,102.218,103.25,103.25,103.25,103.478,99.375,100.546,101.143,102.293,88.382,94.485,90.834,103.112,92.526,89.814,90.121,1
172.0,254.0,0.8786,-0.4421,-0.7783,0.0,0.0,-0.5,0.5,0.5,-0.5,0.0,0.0,0.0,0.0,0.0,0.0,0.0,0.0,-0.5,0.5,-0.5,-0.5,1.0,-1.5,101.252,102.289,101.279,96.459,101.088,95.767,94.447,102.894,99.019,92.904,89.665,97.446,92.737,87.151,81.716,89.496,0
162.0,259.0,0.8861,-0.357,-1.1616,0.0,0.0,1.0,-1.0,0.5,-0.5,0.0,0.0,0.0,0.0,1.0,0.0,0.5,-0.5,0.5,0.5,0.0,1.5,-0.5,0.5,101.32,101.814,102.397,98.93,99.262,92.745,95.188,100.174,94.065,96.304,85.376,76.538,85.683,93.349,84.564,88.358,0
169.0,240.0,0.8158,-0.0158,-1.2915,0.0,0.0,0.5,0.5,0.5,-0.5,0.0,0.0,0.0,0.0,0.0,0.0,0.5,-0.5,-0.5,0.5,-2.5,2.0,0.0,0.0,102.166,102.996,102.574,102.995,103.539,99.85,99.503,98.822,103.06,87.215,90.748,88.449,102.575,83.312,91.563,91.028,1
163.0,232.0,0.848,-0.5455,-0.8955,0.0,0.0,0.5,0.5,1.0,-1.0,0.0,0.0,0.0,0.0,0.0,0.0,-0.5,0.5,0.5,0.5,-0.5,0.5,0.0,0.0,102.218,103.25,103.25,103.25,103.7,100.502,94.868,103.149,103.228,86.574,86.4,94.56,103.373,94.028,92.427,92.707,1
159.0,240.0,0.8883,-0.2404,-0.9244,0.0,0.0,-0.5,0.5,-0.5,0.5,0.0,0.0,0.0,0.0,0.0,0.0,-1.0,1.0,1.0,-1.0,0.5,0.5,1.0,-1.0,101.801,102.729,100.763,98.68,100.403,92.338,98.668,98.334,93.401,92.248,78.735,78.993,96.953,80.109,80.98,94.296,0
161.0,261.0,0.8295,-0.587,-1.1717,0.0,0.0,0.0,0.0,0.0,0.0,0.0,0.0,0.0,0.0,0.0,0.0,-0.5,0.5,-1.5,1.0,0.5,1.0,0.0,0.0,102.218,103.25,103.25,103.25,103.824,100.039,94.292,96.532,103.564,91.999,91.132,86.438,103.706,91.241,88.024,90.839,1
151.0,234.0,0.9101,-0.5655,-0.9991,0.0,0.0,0.0,0.0,0.5,0.5,0.5,-0.5,0.0,0.0,-0.5,0.5,0.0,1.0,-1.0,-0.5,1.0,-1.0,0.0,0.0,101.94,100.095,102.928,102.928,95.959,90.15,94.237,93.904,85.523,81.1,70.122,85.395,91.903,95.894,95.176,88.39,0
157.0,248.0,0.8294,-0.4655,-1.3959,0.0,0.0,0.0,0.0,0.0,0.0,1.5,-1.5,0.0,0.0,0.0,0.0,1.5,-1.5,1.0,0.0,1.5,-2.5,0.0,0.0,102.218,103.25,103.25,103.25,103.95,103.156,99.018,94.286,103.95,87.852,85.738,90.225,103.95,91.173,96.971,96.939,1
174.0,249.0,0.7794,0.0749,-1.3611,0.0,0.0,0.0,0.0,0.0,0.0,0.0,0.0,0.0,0.0,0.0,0.0,0.0,0.5,1.5,-1.0,-0.5,0.5,0.0,0.0,102.181,102.866,102.863,100.134,103.76,102.995,97.635,98.769,103.76,90.823,94.143,89.831,103.61,82.642,88.02,87.224,1
169.0,249.0,0.8818,-0.6954,-1.0662,0.0,0.0,-0.5,1.5,0.0,0.0,0.0,0.0,0.0,0.0,0.0,0.0,0.0,0.0,-0.5,0.5,0.5,0.5,1.5,-1.5,101.331,102.356,100.576,96.67,98.345,88.632,98.432,102.897,94.343,93.108,88.5,82.832,87.777,98.201,87.633,85.132,0
139.0,169.0,0.7963,-0.6039,-0.7082,0.0,0.0,0.5,-0.5,0.0,0.0,0.0,0.0,0.0,0.0,-0.5,0.5,0.0,-1.0,0.5,-0.5,0.0,0.0,0.0,0.0,101.419,102.866,102.117,102.865,98.897,91.738,89.591,102.277,94.718,81.738,98.418,100.714,97.519,100.985,97.431,101.63,1
151.0,177.0,0.6835,-0.4902,-0.7974,0.0,0.0,1.0,-1.0,-0.5,1.0,-0.5,0.5,0.0,0.0,0.0,0.5,2.0,-0.5,-1.0,1.0,0.0,0.0,0.0,0.0,101.318,102.097,101.478,99.814,102.002,93.64,86.894,100.033,95.749,81.134,88.138,102.356,94.955,91.348,98.906,100.757,1
162.0,216.0,0.8432,-0.6039,-0.1172,0.0,0.0,0.0,0.0,-0.5,0.5,1.0,0.0,0.0,0.0,0.0,0.0,1.0,0.0,0.5,-0.5,1.0,0.0,0.0,0.0,102.157,103.075,102.938,103.096,102.741,98.482,93.76,100.034,103.145,82.617,80.428,96.79,100.08,85.925,91.243,99.54,0
146.0,227.0,0.7846,-0.791,-0.7123,0.0,0.0,0.0,0.0,0.5,-0.5,1.5,0.0,-0.5,0.5,0.0,0.0,-1.0,1.0,-0.5,0.5,0.0,0.0,0.0,0.0,102.035,101.879,102.552,98.679,102.921,94.479,93.635,90.048,103.384,83.984,84.576,99.778,101.952,86.215,97.683,97.934,1
155.0,175.0,0.9548,-0.4912,-0.5073,0.0,0.0,0.0,0.0,0.0,0.0,0.0,0.0,0.0,0.0,0.5,-0.5,0.5,0.0,-1.0,0.0,-0.5,0.5,-0.5,0.5,102.218,103.25,103.25,103.25,101.808,100.813,100.643,102.403,87.947,85.21,89.981,101.281,96.197,102.975,100.582,99.766,0
103.0,247.0,1.4266,2.2275,-0.7731,0.0,0.0,0.0,1.0,-0.5,1.0,0.0,-1.0,0.0,0.0,0.0,0.0,-0.5,0.5,0.0,0.0,0.0,0.0,0.0,0.0,102.218,99.223,89.164,100.953,103.95,91.534,85.17,89.744,103.95,91.552,95.637,98.978,103.95,103.081,101.889,101.439,1
161.0,180.0,0.901,-0.4889,0.4029,-0.5,0.5,0.0,1.0,-0.5,0.0,0.0,0.0,1.0,-1.0,0.0,1.0,0.5,1.0,1.0,0.0,-0.5,0.5,0.0,0.0,101.665,102.162,102.696,102.697,100.241,92.334,100.149,100.329,92.905,74.676,81.94,99.12,94.861,85.322,99.286,99.192,0
181.0,229.0,0.8529,-0.418,-0.9227,0.0,0.0,0.0,0.0,0.0,0.0,0.0,0.0,0.0,0.0,0.0,0.0,0.0,0.0,0.0,0.0,0.0,0.0,0.5,-0.5,101.43,100.665,102.233,102.231,101.897,92.284,102.998,102.996,98.877,93.748,94.451,95.835,92.523,92.202,89.014,89.528,0
141.0,222.0,0.8158,-0.2495,0.0931,0.0,0.0,0.0,1.0,0.5,0.5,-0.5,1.0,-1.5,1.5,0.0,0.0,-1.0,1.0,0.5,0.0,-0.5,-1.5,0.5,-0.5,101.789,101.704,98.595,100.409,102.952,88.06,84.729,98.63,100.394,74.383,84.848,98.326,99.055,94.623,97.045,97.789,0
163.0,178.0,0.6653,-0.2616,-0.8877,0.0,0.0,0.0,0.0,-0.5,0.5,-1.0,1.0,0.0,0.0,0.0,0.0,-0.5,1.5,-1.0,1.0,-0.5,-0.5,0.0,0.0,101.787,102.519,102.53,100.761,102.025,97.546,95.482,98.748,95.74,83.267,85.889,101.707,93.493,87.725,96.549,101.074,1
144.0,213.0,0.783,-0.401,-0.8653,0.0,0.0,-0.5,0.5,-0.5,0.5,-1.0,1.0,0.0,0.0,0.0,0.0,-1.5,2.5,1.0,-2.0,0.0,0.0,0.0,0.0,102.204,103.157,103.135,103.109,103.639,96.733,88.234,98.638,103.639,82.715,83.221,101.468,101.946,94.018,100.066,99.829,1
146.0,220.0,0.8276,0.8904,-0.9226,0.0,0.0,-0.5,0.5,0.0,0.0,0.5,0.5,0.0,0.0,0.5,-0.5,-1.0,0.0,1.0,-1.0,0.0,0.5,-1.0,0.0,101.019,96.865,101.436,101.867,102.132,89.516,99.867,95.052,87.46,86.046,82.731,91.999,97.123,101.806,102.99,100.371,0
160.0,185.0,0.8223,-0.6885,0.7036,0.0,1.0,0.0,0.0,0.0,0.0,-0.5,0.5,0.0,0.0,0.0,0.0,0.0,0.0,-1.0,1.0,-0.5,0.5,0.0,0.0,101.971,101.893,102.799,102.8,102.402,95.225,97.796,98.29,96.959,76.767,92.897,101.445,98.576,88.006,99.256,100.528,0
109.0,205.0,0.6629,0.7155,0.1216,0.0,0.0,1.5,-0.5,1.5,-1.5,0.5,-0.5,1.0,-1.0,0.0,1.0,-0.5,0.5,0.5,-0.5,0.5,-0.5,0.0,0.0,100.467,98.36,95.417,96.586,100.406,82.769,87.883,99.104,97.507,85.41,94.1,102.644,102.704,100.372,102.954,102.461,1
147.0,215.0,0.832,-0.4575,-0.4826,0.0,0.0,0.5,-0.5,0.0,0.0,0.0,0.0,0.0,0.0,0.0,0.0,-1.0,1.0,-3.0,2.0,-0.5,-0.5,0.0,0.0,101.698,102.306,102.316,101.13,102.434,91.991,88.599,91.017,100.055,75.624,75.163,101.339,97.311,93.196,98.576,98.368,0
157.0,184.0,0.8409,-0.694,-0.5843,0.0,0.0,0.5,0.5,0.5,-0.5,0.0,0.0,0.0,0.0,0.0,0.0,-0.5,1.5,-1.5,1.5,1.5,-1.5,0.0,0.0,102.218,103.25,103.25,103.25,101.748,100.157,95.294,101.951,98.3,83.31,91.464,101.496,101.445,87.523,101.532,98.962,1
127.0,222.0,0.8373,0.2666,-0.7865,0.0,0.0,-0.5,0.5,0.5,-0.5,-0.5,0.5,0.5,-0.5,0.0,0.5,0.0,0.0,-2.5,1.5,0.0,0.0,0.0,0.0,100.641,99.041,99.383,101.655,100.249,88.912,90.628,94.255,86.708,89.24,92.222,96.763,96.963,101.064,102.981,100.527,0
133.0,177.0,0.8374,-0.3198,0.2005,0.0,0.0,-0.5,0.5,-0.5,0.5,0.0,0.0,0.5,-0.5,0.0,1.0,-2.0,2.0,-1.5,-1.0,0.0,0.0,0.0,0.0,101.892,101.951,99.025,102.631,99.668,81.563,88.864,99.43,88.936,70.725,92.296,97.759,101.361,95.512,99.728,102.988,0
125.0,229.0,0.7684,-0.1448,-0.4344,0.0,0.0,1.0,0.0,0.0,0.0,0.0,0.0,1.5,-1.5,0.0,0.0,-0.5,0.5,0.0,0.0,-0.5,-0.5,0.0,0.0,101.773,99.73,97.237,100.505,103.15,80.932,77.667,92.663,99.963,76.084,81.194,99.013,100.541,96.816,102.972,98.237,0
173.0,127.0,0.6234,1.414,-0.5672,0.0,0.0,0.5,-0.5,-0.5,1.0,0.0,0.0,0.0,0.0,-0.5,0.5,1.0,0.5,-0.5,0.5,0.0,0.0,0.0,0.0,101.274,102.293,99.328,102.299,101.307,99.927,100.608,101.482,90.856,84.306,94.728,101.735,89.43,87.586,102.618,102.995,1
136.0,160.0,0.6236,-0.1995,-1.1267,0.0,0.0,0.0,0.0,3.0,-3.0,0.0,0.0,0.0,0.0,0.0,0.0,-2.0,2.0,0.5,-0.5,0.0,0.0,0.0,0.0,102.019,102.582,102.315,102.892,97.541,92.817,87.416,103.001,91.527,82.253,95.886,100.896,97.0,97.686,99.79,102.999,1
160.0,234.0,0.7962,-0.3328,-0.6651,0.0,0.0,0.0,0.0,0.0,0.0,0.5,-0.5,0.0,0.0,0.0,0.0,1.0,-1.0,1.5,-0.5,-1.5,0.0,0.0,0.0,102.182,102.962,102.013,102.959,103.698,97.589,94.949,95.966,103.698,89.728,74.131,93.927,103.398,86.013,89.439,100.261,1
148.0,201.0,0.8477,-0.8567,0.2902,0.0,0.0,0.0,1.0,-1.5,1.5,0.0,0.0,0.0,0.0,0.0,0.0,-1.5,1.5,-0.5,-1.5,1.5,0.0,0.0,0.0,102.111,102.744,102.995,102.999,102.325,97.275,87.565,100.598,101.061,79.514,93.999,102.531,99.438,94.771,97.727,98.69,1
160.0,215.0,0.8441,-0.4913,0.6698,0.0,0.0,0.5,-0.5,1.5,-2.5,0.5,-0.5,0.0,0.0,0.0,0.0,-0.5,0.5,1.0,0.0,-0.5,-0.5,0.0,0.0,101.199,99.819,101.928,101.99,102.31,95.465,90.464,95.497,100.901,76.823,79.114,102.745,96.236,92.525,96.149,99.691,0
153.0,152.0,0.9173,-0.2393,-0.8403,-0.5,0.5,0.0,0.0,0.0,0.0,0.0,0.0,0.0,0.0,-0.5,0.5,-1.0,1.0,-1.0,1.0,0.0,0.0,0.0,0.0,102.101,103.129,103.024,103.133,97.415,101.803,99.806,102.402,90.406,95.457,92.499,99.875,92.58,101.4,102.192,102.984,0
137.0,179.0,0.84,-0.9223,-1.2047,0.0,0.0,0.5,-0.5,0.0,0.0,-0.5,0.5,0.0,0.0,-1.0,1.0,0.0,0.0,0.0,0.0,0.0,0.0,0.0,0.0,100.642,101.996,102.0,101.952,98.385,101.575,100.748,99.397,96.46,96.073,98.774,103.0,95.77,101.27,103.0,103.0,1
130.0,194.0,0.7953,-0.4455,-1.2341,0.0,0.0,0.0,0.0,0.0,0.0,-0.5,0.5,0.0,0.0,0.0,0.0,0.5,-0.5,0.0,0.0,0.0,0.0,0.0,0.0,99.181,100.652,101.184,101.9,99.896,101.887,99.568,99.971,97.529,97.232,97.558,102.675,98.243,101.875,102.213,103.0,1
188.0,185.0,0.8918,-0.9972,-1.25,0.0,0.0,0.0,0.0,0.0,0.0,-0.5,0.5,0.0,0.0,0.0,0.0,0.0,0.0,0.0,0.0,0.0,0.0,0.0,0.0,101.541,102.567,102.567,102.567,101.97,103.0,103.0,101.208,99.738,102.791,101.042,102.203,97.485,99.76,102.034,103.0,1
125.0,195.0,0.7742,-0.1123,-1.2868,0.0,0.0,0.0,0.0,0.0,-0.5,0.0,0.0,0.0,0.0,0.0,0.0,0.0,0.0,0.0,0.0,0.0,0.0,0.0,0.0,99.395,100.307,101.013,100.429,100.323,101.802,98.489,100.445,97.599,98.46,98.803,103.0,96.753,100.888,103.0,103.0,1
151.0,192.0,0.934,-0.9105,-0.6689,-0.5,0.5,0.0,0.0,1.0,-1.0,0.0,0.0,0.0,0.0,0.5,0.5,0.0,0.0,1.0,0.0,0.5,-0.5,-0.5,0.5,102.218,103.25,103.25,103.25,90.939,94.456,92.477,101.499,84.661,85.952,91.531,91.243,87.915,90.655,94.052,102.381,0
153.0,159.0,0.915,-1.4861,-1.2555,-0.5,0.5,0.0,0.0,0.0,0.0,0.0,0.0,-0.5,0.5,0.0,0.5,-0.5,0.5,0.0,0.0,0.0,0.0,0.0,0.0,102.201,103.233,103.233,103.233,99.5,102.453,102.489,99.93,97.161,100.977,99.347,103.0,95.541,98.738,102.445,103.0,1
153.0,203.0,0.935,-0.8858,-1.0722,0.0,0.0,1.0,-1.0,0.0,0.0,0.0,1.0,0.0,0.0,0.0,0.0,-0.5,0.5,0.0,0.0,0.0,0.0,0.0,0.0,102.218,103.25,103.25,103.25,99.708,95.31,102.4,98.504,92.706,95.714,96.936,98.111,95.65,98.609,97.488,97.828,0
154.0,142.0,0.9364,-0.6572,-0.2399,0.5,0.5,0.0,0.0,0.5,-0.5,0.5,-0.5,0.0,0.0,-0.5,0.5,0.5,-0.5,-0.5,0.5,0.0,0.0,0.0,0.0,102.218,103.25,103.25,103.25,95.361,101.588,101.067,100.757,86.606,94.297,92.284,100.93,90.53,98.18,103.07,103.073,0
141.0,164.0,0.9055,-0.0231,-0.1544,0.5,0.0,-1.0,0.5,2.5,-2.5,0.0,0.0,0.0,0.0,-0.5,0.5,-1.0,1.0,0.5,-0.5,0.0,0.0,0.0,0.0,101.769,102.794,102.797,102.799,97.904,94.453,99.185,100.595,85.471,87.008,89.743,99.079,95.322,99.085,101.922,102.866,0
161.0,186.0,0.8178,-1.287,-1.0964,0.0,0.0,0.0,0.0,0.0,0.0,-0.5,0.5,0.0,0.0,0.0,0.0,0.0,0.0,0.0,0.0,0.0,0.0,0.0,0.0,100.438,101.282,101.107,100.587,100.239,102.563,100.947,100.009,97.951,100.124,99.802,102.997,95.35,95.85,102.999,102.998,1
140.0,185.0,0.8648,-0.2218,-0.6293,0.5,0.0,0.5,0.5,0.0,0.0,0.0,0.0,0.0,0.0,0.5,-0.5,0.5,-0.5,1.5,-1.5,-0.5,0.5,0.0,0.0,101.066,98.414,100.1,100.779,91.496,95.243,96.731,97.768,84.656,89.891,92.463,95.151,97.225,96.627,102.994,100.905,0
146.0,220.0,0.9321,-0.9743,-1.2733,0.0,0.0,0.0,0.0,0.0,0.0,0.0,0.0,0.5,-0.5,0.0,0.0,0.0,0.0,0.0,0.0,0.0,0.0,0.0,0.0,102.218,103.25,103.25,103.25,100.085,102.462,102.446,100.523,97.541,99.212,99.403,102.227,97.605,100.528,103.08,103.083,1
152.0,183.0,0.8436,-0.7494,-1.1687,-0.5,0.5,0.0,0.0,-0.5,0.5,-0.5,0.5,-0.5,0.5,0.0,0.0,0.0,0.0,1.0,-1.0,0.0,0.0,0.0,0.0,100.813,101.833,101.38,101.832,99.648,101.369,100.415,98.317,98.78,100.992,94.445,103.0,94.872,97.961,102.907,102.999,1
152.0,158.0,0.941,-0.404,-0.2278,0.5,-0.5,0.0,0.0,0.0,0.0,0.0,0.0,0.0,0.0,0.5,-0.5,-1.0,1.0,0.5,0.0,-0.5,0.5,-0.5,0.5,102.218,103.25,103.25,103.25,96.783,100.959,103.35,103.35,93.132,94.334,97.371,99.466,98.76,100.445,100.624,103.346,0
190.0,161.0,0.7873,-1.0962,-1.4437,0.0,0.0,0.0,0.0,0.0,0.0,0.0,0.0,0.0,0.0,0.0,0.0,1.5,-1.5,0.0,0.0,0.0,0.0,0.0,0.0,100.869,101.283,101.283,100.968,102.579,103.0,102.999,101.017,100.332,101.807,100.792,102.765,98.932,98.843,101.911,103.0,1
153.0,143.0,0.8308,0.4537,-1.4449,0.0,0.0,0.0,0.0,0.0,0.0,0.0,0.0,0.0,0.0,0.5,-0.5,0.0,0.0,0.0,0.0,0.0,0.0,0.0,0.0,101.706,102.733,102.733,102.733,99.975,101.439,102.419,101.543,97.591,98.828,99.966,102.194,98.353,102.347,103.0,103.0,1
155.0,207.0,0.8904,-1.0669,-1.397,0.0,0.0,-1.0,1.0,0.0,0.0,0.0,0.0,0.0,0.0,0.0,0.0,0.5,-0.5,0.0,0.0,0.0,0.0,0.0,0.0,101.767,102.798,102.389,102.799,97.881,101.612,101.6,100.497,98.007,99.618,97.001,101.557,94.827,100.128,101.171,102.998,1
161.0,134.0,0.9444,-0.6323,-0.4265,1.0,0.5,0.0,0.0,0.0,0.0,0.5,0.5,0.0,0.0,-0.5,1.5,1.5,-1.5,-2.0,2.0,0.5,-0.5,0.0,0.0,102.218,103.25,103.25,103.25,98.751,103.164,102.023,101.832,86.985,96.687,92.881,100.707,89.669,100.912,103.125,103.137,0
151.0,192.0,0.7944,-0.7774,-1.2396,-0.5,0.5,0.0,0.0,0.0,0.0,0.0,0.0,0.0,0.0,0.0,0.0,0.0,0.0,0.0,0.0,0.0,0.0,0.0,0.0,100.287,101.3,101.299,100.746,100.23,102.371,102.264,100.204,99.748,99.864,99.778,102.999,96.45,98.474,103.0,102.999,1
148.0,176.0,0.8637,-0.3671,-0.3553,0.0,0.0,0.5,-0.5,-0.5,0.5,0.0,0.0,1.5,-0.5,1.0,-0.5,0.5,-0.5,0.5,-0.5,-1.5,1.5,-0.5,0.5,101.045,100.272,97.059,101.556,95.584,92.794,96.476,99.147,88.806,88.607,91.32,95.325,85.462,90.162,100.263,102.998,0
170.0,189.0,0.9456,-0.2666,-0.3319,0.0,0.0,0.0,0.0,0.0,0.0,0.0,0.0,0.0,0.0,0.0,0.5,-0.5,0.5,0.5,-0.5,0.0,0.0,0.0,0.0,102.218,103.25,103.25,103.25,100.178,96.43,103.269,103.278,92.57,96.136,100.184,100.594,95.013,98.167,92.905,99.606,0
157.0,155.0,0.9465,-0.7077,-0.3844,-0.5,0.5,-0.5,0.5,0.0,0.0,0.0,0.0,0.0,0.0,0.0,-0.5,-1.5,1.5,0.5,-0.5,-0.5,0.5,0.5,-0.5,102.218,103.25,103.25,103.25,99.562,101.422,103.299,103.603,94.766,97.542,98.565,100.22,98.778,101.3,101.8,103.606,0
161.0,164.0,0.9182,-0.6018,-1.0323,0.0,0.0,0.0,0.0,0.0,0.0,1.5,-1.0,0.5,-0.5,0.0,0.0,0.0,0.0,0.0,0.0,0.5,-2.0,-1.5,0.0,102.163,103.194,103.19,103.175,97.458,102.938,101.305,101.21,90.225,96.207,92.499,98.091,90.088,97.165,101.701,102.21,0
166.0,251.0,0.9639,0.3952,-1.1198,0.0,0.0,0.0,0.0,0.0,0.0,0.0,0.0,0.0,0.0,0.0,0.0,-0.5,0.5,0.0,0.0,0.5,-0.5,0.0,0.0,102.218,103.25,103.25,103.25,102.618,102.022,103.565,99.903,95.232,92.792,93.572,84.704,95.817,95.227,96.906,96.739,1
163.0,257.0,0.9599,0.3106,-1.2414,0.0,0.0,1.0,-1.0,0.0,0.0,0.0,0.0,0.0,0.0,-2.5,3.5,1.0,0.0,0.0,0.0,1.0,0.0,1.0,-1.0,102.218,103.25,103.25,103.25,101.476,99.708,102.661,100.117,91.517,93.908,92.492,84.502,94.693,100.25,100.101,93.243,1
153.0,288.0,0.9392,0.3297,-1.1965,0.0,0.0,0.0,0.0,0.0,0.0,0.0,0.0,-1.0,1.0,0.0,0.0,0.5,-1.5,-2.0,2.0,-1.5,1.5,0.5,-0.5,102.218,103.25,103.25,103.25,100.409,101.751,102.732,100.301,96.448,97.464,95.722,87.997,96.224,98.304,101.363,100.109,0
161.0,262.0,0.9623,0.2304,-1.1475,0.0,0.0,0.0,0.0,0.0,0.0,0.0,0.0,0.0,0.0,0.5,0.5,1.0,0.0,-1.0,2.0,0.5,-0.5,-1.5,0.5,102.218,103.25,103.25,103.25,102.483,100.82,103.248,100.121,93.709,90.439,92.92,81.439,96.84,98.592,98.678,96.693,1
164.0,265.0,0.9616,0.5389,-1.2061,0.0,0.0,0.5,-0.5,0.0,0.0,0.0,0.0,0.0,0.0,1.0,0.0,0.0,0.0,-1.5,0.5,0.5,0.5,-0.5,0.0,102.218,103.25,103.25,103.25,102.652,101.419,103.662,101.192,95.876,90.549,93.371,85.114,96.09,99.865,99.856,98.085,1
139.0,267.0,0.9485,-0.5168,-1.2468,0.0,0.0,-0.5,1.0,1.0,-1.0,-0.5,0.5,0.0,0.5,0.0,0.0,0.0,-1.0,-2.5,2.0,3.5,-2.5,-1.0,1.0,102.218,103.25,103.25,103.25,98.894,92.264,96.102,95.002,89.376,90.907,88.507,78.01,102.462,100.716,103.35,99.923,0
150.0,272.0,0.9512,-0.5481,-1.2354,0.0,0.0,-1.0,1.0,0.5,-0.5,-0.5,0.5,-1.5,2.0,0.0,0.0,1.5,-1.0,1.0,-1.0,0.0,0.5,-1.0,-1.0,102.218,103.25,103.25,103.25,101.338,95.849,101.816,97.879,91.818,85.871,89.117,81.206,102.559,99.742,98.986,94.055,0
167.0,268.0,0.9607,-0.1734,-1.1624,0.0,0.0,0.0,0.0,0.0,0.0,0.0,0.0,0.0,0.0,-0.5,0.0,1.0,-2.5,1.5,-0.5,1.5,-0.5,1.0,-0.5,102.218,103.25,103.25,103.25,102.544,103.409,102.892,99.284,97.193,93.917,96.608,81.789,95.992,95.099,98.003,96.428,1
169.0,271.0,0.9645,0.5065,-1.1965,0.0,0.0,-0.5,0.0,0.0,0.0,0.0,0.0,0.0,0.0,0.5,0.0,0.5,-0.5,0.5,-0.5,0.5,-0.5,3.5,-2.0,102.218,103.25,103.25,103.25,102.645,102.874,103.659,101.953,96.817,92.959,97.773,88.256,95.056,96.143,96.832,95.495,1
155.0,269.0,0.9414,0.1859,-1.2473,0.0,0.0,0.0,1.5,0.0,0.0,0.0,0.0,0.5,-0.5,0.5,0.5,0.5,-0.5,0.5,-0.5,-0.5,1.5,1.0,-1.0,102.218,103.25,103.25,103.25,101.833,100.184,103.211,99.95,93.767,94.684,93.298,83.159,93.796,98.01,101.878,100.557,0
142.0,258.0,0.9232,-0.1838,-1.1811,0.0,0.0,1.0,-0.5,1.5,0.0,-0.5,0.5,0.0,0.0,0.0,0.0,-0.5,0.5,0.5,-0.5,0.5,-0.5,-1.5,0.0,102.218,103.25,103.25,103.25,101.359,95.097,99.655,93.28,96.233,87.905,83.871,78.31,103.173,100.883,99.159,102.41,0
165.0,258.0,0.9667,-0.0749,-1.3392,0.0,0.0,1.5,-1.5,0.0,0.0,0.0,0.0,0.0,0.0,0.0,0.5,0.5,0.5,-0.5,0.5,1.0,-0.5,1.0,-0.5,102.218,103.25,103.25,103.25,102.873,101.764,103.814,101.258,93.121,92.228,94.129,85.714,98.053,100.086,99.311,94.004,1
166.0,264.0,0.9698,-0.2269,-1.1654,0.0,0.0,0.0,0.0,0.0,0.0,0.0,0.0,0.0,0.0,0.5,-0.5,1.0,0.0,-1.5,0.5,0.0,0.5,1.0,0.0,102.218,103.25,103.25,103.25,102.409,102.804,103.827,101.481,94.531,90.768,93.746,84.291,96.051,98.388,98.225,95.073,1
169.0,266.0,0.9639,0.6068,-1.2879,0.0,0.0,0.0,0.0,0.0,0.0,0.0,0.0,0.0,0.0,0.5,-0.5,0.5,-0.5,-1.0,2.0,-0.5,0.5,-0.5,0.5,102.218,103.25,103.25,103.25,102.668,102.115,103.735,101.541,94.177,95.565,98.076,86.758,95.167,96.26,96.375,92.268,1
163.0,260.0,0.9617,-0.0802,-1.2228,0.0,0.0,0.0,0.5,0.0,0.0,0.0,0.0,0.0,0.0,0.5,0.5,1.5,-0.5,0.0,0.0,1.5,-1.5,-1.0,1.0,102.218,103.25,103.25,103.25,102.948,101.427,103.464,101.178,95.869,89.443,93.861,83.565,95.079,99.527,98.946,96.215,1
149.0,275.0,0.9587,-0.625,-1.2986,0.0,0.0,-0.5,0.5,0.0,0.0,0.0,0.0,-1.5,1.5,-0.5,0.0,0.0,0.0,-0.5,1.5,-1.5,1.5,0.0,0.0,102.218,103.25,103.25,103.25,101.488,99.702,102.076,98.494,92.565,86.22,87.468,81.923,99.89,101.594,102.509,100.094,0
158.0,266.0,0.9587,0.4903,-1.1279,0.0,0.0,0.0,0.0,0.0,0.0,0.0,0.0,0.0,0.0,-0.5,1.5,-0.5,0.5,1.0,-1.0,0.0,1.0,0.0,0.0,102.218,103.25,103.25,103.25,102.577,101.345,103.608,100.437,91.706,90.675,92.968,82.429,99.378,100.219,99.845,98.949,1
163.0,255.0,0.962,0.0719,-1.347,0.0,0.0,0.0,0.0,0.0,0.0,0.0,0.0,0.0,0.0,0.0,0.0,-1.5,1.5,0.0,0.0,-0.5,0.5,0.5,-0.5,102.218,103.25,103.25,103.25,102.429,103.231,102.785,101.768,93.904,94.815,92.891,84.504,95.87,97.087,100.083,97.12,1
151.0,286.0,0.9562,0.0443,-1.1939,0.0,0.0,0.0,0.0,-2.0,2.0,0.0,0.0,0.0,0.0,0.0,0.0,1.0,-1.0,-0.5,0.5,0.0,0.0,0.0,0.0,102.218,103.25,103.25,103.25,102.497,100.817,102.26,101.403,100.637,93.025,94.508,89.594,99.193,98.589,103.524,101.454,0
158.0,286.0,0.9384,-0.1822,-1.0323,0.0,0.0,0.0,0.0,0.0,0.0,0.5,-0.5,0.0,0.0,-0.5,0.5,1.0,-1.0,-1.0,1.5,-0.5,0.5,-1.5,1.5,102.218,103.25,103.25,103.25,102.349,101.783,103.042,97.09,96.057,96.718,92.924,82.172,93.38,96.342,100.9,98.384,0
169.0,204.0,0.8903,0.1387,-1.3119,0.0,0.0,0.0,0.0,0.0,0.0,0.0,0.0,0.0,0.0,0.0,0.0,-0.5,0.5,-0.5,0.5,1.0,-1.0,0.0,0.0,100.319,102.464,102.462,102.465,96.796,102.998,102.995,102.987,93.258,100.012,94.981,91.334,92.364,96.245,99.197,102.825,0
166.0,152.0,0.9449,-0.4344,1.8519,-0.5,0.5,0.0,0.0,0.0,0.0,0.0,0.0,0.0,0.0,0.0,0.0,-2.0,2.0,0.5,-0.5,-1.0,1.0,0.0,0.0,102.218,103.25,103.25,103.25,98.566,102.957,103.27,100.861,98.307,94.152,95.445,101.45,91.474,94.683,103.24,103.234,0
141.0,203.0,0.961,-0.6966,-0.6163,0.0,0.0,0.0,0.0,0.0,0.0,0.0,0.0,0.5,-0.5,1.0,0.0,0.5,-0.5,-0.5,0.5,-0.5,0.5,0.0,0.0,102.218,103.25,103.25,103.25,100.224,103.632,103.416,100.509,93.885,93.986,92.088,102.145,97.258,103.62,103.626,103.64,0
160.0,217.0,0.9254,-0.0991,-0.6525,0.0,0.0,0.0,0.0,0.0,0.0,0.0,0.0,0.5,-0.5,0.0,0.0,0.5,-0.5,-0.5,0.5,0.0,0.0,-0.5,0.5,102.218,103.25,103.25,103.25,100.004,98.935,102.998,102.995,98.906,94.812,100.129,96.557,96.787,94.429,97.761,102.445,0
172.0,133.0,0.7917,0.1231,0.0519,0.0,0.0,0.0,0.0,0.0,0.0,0.0,0.0,0.0,0.0,1.5,-1.5,-0.5,0.5,0.0,0.0,0.0,0.0,0.0,0.0,96.573,101.278,101.27,101.274,99.297,102.997,101.583,94.978,96.98,98.877,96.217,101.651,90.928,95.285,102.76,102.999,1
170.0,99.0,0.9014,-0.3841,4.7248,0.0,0.0,0.0,0.0,0.0,0.0,0.0,0.0,0.0,0.0,0.0,0.0,1.0,0.0,0.0,0.0,0.0,0.0,0.0,0.0,101.604,102.666,102.665,102.662,96.303,102.964,101.856,97.155,93.034,98.782,95.134,102.497,88.621,98.717,102.995,102.997,1
176.0,122.0,0.7749,0.8409,2.857,1.0,-1.0,0.0,0.0,0.0,0.0,0.0,0.0,0.0,0.0,0.0,0.0,0.0,0.0,0.0,0.0,0.0,0.0,0.0,0.0,97.941,101.266,101.282,101.281,99.699,102.998,102.986,101.603,99.075,102.099,99.596,100.999,93.368,99.37,102.998,102.994,1
167.0,182.0,0.8122,-0.9985,-1.2967,0.0,0.0,0.0,0.0,0.0,0.0,0.0,-0.5,0.0,0.0,0.5,-0.5,0.0,0.0,0.0,0.0,-0.5,0.5,0.0,0.0,97.985,101.393,101.398,101.396,98.378,102.992,103.002,100.937,97.541,100.455,97.969,100.869,89.932,98.507,102.994,103.001,1
148.0,211.0,0.8818,-0.4278,-1.5406,0.0,0.0,0.0,0.0,0.0,0.0,0.0,0.0,0.5,-0.5,0.5,0.5,0.0,0.0,0.0,0.0,-0.5,0.5,0.0,0.0,99.842,102.333,102.334,102.331,98.298,103.0,103.0,100.532,94.966,98.157,98.346,101.845,94.45,101.332,102.999,102.998,1
168.0,176.0,0.9323,-0.2347,-0.7935,0.5,-0.5,0.0,0.0,0.0,0.0,1.0,-1.0,0.5,-0.5,-0.5,0.5,0.0,0.0,0.5,-0.5,-0.5,0.5,0.0,0.0,102.199,103.231,103.231,103.233,101.194,102.983,102.991,101.423,95.892,102.928,97.837,99.268,91.015,97.077,102.488,102.97,0
215.0,120.0,0.752,0.7526,7.085,0.0,0.0,0.0,0.0,0.0,0.0,0.0,0.0,0.0,0.0,0.0,0.0,0.0,0.0,0.0,0.0,-0.5,0.5,-0.5,0.5,100.683,97.988,101.281,101.285,101.007,101.701,102.998,102.995,99.017,100.347,101.91,100.006,99.14,95.985,98.858,102.26,1
188.0,141.0,0.7341,-0.4431,1.4789,-0.5,0.5,0.0,0.0,0.0,0.0,0.0,0.0,0.0,0.0,0.0,0.0,0.0,0.0,0.0,0.0,-0.5,0.5,-0.5,0.5,98.569,101.281,101.283,101.282,98.21,103.001,102.998,102.998,98.063,103.0,99.037,98.834,95.586,95.194,101.309,102.995,1
189.0,72.0,0.8386,0.9118,9.8267,0.0,0.0,0.0,0.0,0.0,0.0,0.0,0.0,0.0,0.0,-1.0,1.0,0.0,0.0,0.0,0.0,0.0,0.0,0.0,0.0,98.642,101.7,101.698,101.694,98.145,102.997,102.989,102.059,97.483,100.843,99.281,100.377,90.083,99.459,102.261,102.996,1
150.0,238.0,0.8473,-0.17,-0.3967,0.0,0.0,-0.5,0.0,1.5,-0.5,0.0,0.0,0.5,-0.5,0.0,0.0,0.0,0.0,-0.5,0.5,0.0,0.0,0.0,0.0,101.889,102.629,101.075,102.63,102.89,102.276,97.796,101.071,102.877,97.841,86.42,95.967,101.337,94.061,101.536,102.978,0
168.0,152.0,0.8021,-0.9801,-0.7366,0.0,0.0,0.0,0.0,0.0,0.0,0.0,0.0,0.0,0.0,0.0,0.0,0.0,0.0,0.0,0.0,0.0,0.0,0.0,0.0,97.138,101.237,101.279,101.278,98.261,102.992,102.989,99.242,96.686,100.007,98.077,101.921,89.773,99.331,102.996,102.999,1
141.0,176.0,0.8883,-0.1681,-0.9683,-0.5,0.5,0.0,0.0,0.0,0.0,-0.5,0.0,0.5,-0.5,-0.5,0.5,-0.5,0.5,0.5,-0.5,0.0,0.0,0.0,0.0,99.555,102.399,102.4,102.399,96.974,103.0,102.998,100.357,95.525,95.57,97.994,100.803,94.986,102.436,102.977,102.998,1
192.0,229.0,0.831,0.9451,-0.8914,0.0,0.0,0.0,0.5,0.0,0.0,0.0,0.0,0.0,0.0,0.0,0.0,0.5,-0.5,0.0,0.0,0.0,0.0,0.0,0.0,101.201,101.968,100.647,101.995,102.362,101.622,102.192,102.99,102.335,97.519,102.254,98.148,102.36,93.637,97.228,101.746,0
190.0,205.0,0.7138,0.4203,0.1573,0.0,0.0,0.0,0.0,0.0,0.0,0.0,0.0,0.0,0.0,0.0,0.0,0.0,0.0,0.0,-1.0,0.0,0.0,0.0,0.0,102.135,102.466,100.846,102.466,103.74,101.267,98.843,102.997,103.739,95.136,102.618,102.991,102.84,90.515,91.727,96.908,0
157.0,170.0,0.948,-0.6109,-0.7819,0.5,-0.5,0.0,0.0,0.0,0.0,0.0,0.0,-0.5,0.5,2.0,-1.0,1.5,0.0,-0.5,0.5,0.0,0.0,0.5,-0.5,102.218,103.25,103.25,103.25,97.438,103.347,103.335,102.673,90.7,99.613,96.061,96.847,92.724,98.739,103.246,103.314,0
149.0,199.0,0.8672,-1.2475,-1.2547,-0.5,0.5,0.0,0.0,0.0,0.0,0.0,0.0,0.0,0.0,0.0,0.0,0.0,0.0,0.5,-0.5,0.0,0.0,0.0,0.0,99.889,102.099,102.099,102.097,98.786,102.997,103.0,100.238,97.282,100.561,98.722,102.405,93.848,100.621,102.969,102.998,1
167.0,214.0,0.9258,-0.7285,-0.9824,0.0,0.0,0.0,0.0,0.0,0.0,0.0,0.0,-0.5,0.5,0.0,0.0,0.0,0.0,-0.5,0.5,0.0,0.0,0.5,0.0,101.965,102.952,102.996,102.997,101.044,100.936,102.947,102.961,98.908,97.325,98.367,98.226,94.623,97.944,102.184,102.987,0
171.0,106.0,0.9315,1.5031,0.5734,0.0,0.0,0.0,0.0,0.0,0.0,0.0,0.0,0.0,0.0,0.5,-0.5,0.0,0.0,-0.5,0.5,-0.5,0.5,0.0,0.0,102.1,103.166,103.164,103.166,98.95,102.999,102.999,101.441,98.14,99.418,100.069,102.448,93.965,102.64,103.0,103.0,1
166.0,184.0,0.8527,-0.2738,-0.6968,0.0,0.0,0.0,0.0,0.0,0.0,0.0,0.0,0.0,0.0,0.0,0.0,0.0,0.0,-1.5,1.5,0.5,-0.5,0.0,0.0,97.949,101.875,101.888,101.859,96.742,102.989,102.935,101.761,94.71,98.144,87.91,92.969,96.626,91.829,99.837,102.928,0
136.0,222.0,0.9349,-1.0197,-1.3103,0.0,0.0,0.0,0.0,0.0,0.0,0.5,-0.5,0.0,0.0,-1.0,1.0,-0.5,0.5,0.5,-0.5,-0.5,-1.5,0.0,0.0,102.218,103.25,103.25,103.25,96.783,102.785,102.798,97.846,94.185,98.001,95.099,99.671,95.462,97.607,102.993,102.983,0
145.0,229.0,0.9656,0.1934,-1.1826,0.0,0.0,0.5,-0.5,0.0,0.0,0.0,0.0,0.0,0.0,0.0,0.0,0.0,0.0,-0.5,0.5,0.5,-0.5,-0.5,0.5,102.218,103.25,103.25,103.25,100.745,100.91,103.537,103.71,99.016,98.755,96.797,98.326,100.293,101.825,103.816,103.79,1
156.0,227.0,0.9735,-0.1648,-1.1517,0.5,-0.5,0.0,0.0,0.0,0.0,0.0,0.0,0.0,0.0,-1.0,0.5,0.0,0.0,1.0,-1.0,0.5,-0.5,-2.5,2.5,102.218,103.25,103.25,103.25,101.744,102.033,103.976,104.168,96.462,97.729,95.138,97.984,101.9,101.921,104.123,103.593,0
160.0,289.0,0.9562,1.5221,-0.6241,0.0,0.0,-1.5,1.5,0.0,0.0,0.0,0.5,0.0,0.0,0.0,0.0,0.0,0.0,0.5,-0.5,0.0,0.0,1.0,-1.0,102.218,103.25,103.25,103.25,101.563,101.307,101.417,102.889,99.216,97.232,98.534,95.929,100.85,101.326,101.397,101.574,0
154.0,241.0,0.9593,0.9802,-1.2724,-0.5,0.5,0.0,0.0,0.0,0.0,0.0,0.0,0.0,0.0,-0.5,0.5,0.5,-0.5,0.0,0.0,0.0,0.0,-0.5,0.5,102.218,103.25,103.25,103.25,100.498,101.628,103.453,103.218,98.947,98.871,97.748,98.147,100.836,100.47,103.592,103.0,1
158.0,245.0,0.9719,0.3605,-0.9646,0.0,0.0,0.0,0.0,0.0,0.0,0.0,0.0,0.0,0.0,0.0,0.0,0.0,0.0,1.5,-1.5,-0.5,0.5,-0.5,0.5,102.218,103.25,103.25,103.25,102.004,102.246,102.833,104.016,98.787,98.339,96.915,99.074,100.182,101.834,102.956,102.225,0
146.0,244.0,0.9701,-0.0196,-1.2678,-0.5,0.5,0.0,0.0,0.0,0.0,0.0,0.0,0.0,0.0,0.5,-0.5,0.0,0.0,-0.5,0.5,0.0,-1.0,-0.5,0.5,102.218,103.25,103.25,103.25,101.133,101.805,103.973,102.652,99.226,97.006,97.125,98.715,100.178,102.06,103.983,103.983,1
151.0,224.0,0.9791,-0.1304,-1.2372,1.0,0.5,0.0,0.0,0.0,0.0,0.0,0.0,0.0,0.0,0.0,0.0,0.0,0.0,0.0,0.0,0.0,0.0,0.0,0.0,102.218,103.25,103.25,103.25,102.224,103.21,103.699,103.981,97.954,97.524,97.666,98.397,101.596,102.215,104.215,104.21,1
151.0,274.0,0.9677,-0.3413,-1.1093,0.0,0.0,0.0,0.0,0.0,0.0,0.0,0.0,0.0,0.0,0.0,0.0,0.0,0.0,3.0,-3.0,-1.5,1.0,1.0,-1.0,102.218,103.25,103.25,103.25,101.009,101.579,103.611,103.764,99.374,99.747,97.71,98.706,101.514,102.387,102.957,102.041,0
144.0,218.0,0.9571,0.295,-0.7924,0.0,0.0,0.0,0.0,0.0,0.0,0.0,0.0,0.0,0.0,1.0,-1.0,-0.5,0.5,0.0,0.0,1.0,-1.0,0.0,0.0,102.218,103.25,103.25,103.25,99.893,100.235,103.13,103.481,99.561,98.673,96.34,98.965,100.552,100.802,103.612,103.524,1
155.0,234.0,0.9723,0.8674,-1.2538,0.0,0.0,-0.5,0.5,0.0,0.0,0.0,0.0,0.0,0.0,-0.5,0.5,0.0,0.0,0.0,0.0,0.0,0.0,0.0,0.0,102.218,103.25,103.25,103.25,102.475,102.262,104.048,104.048,98.573,98.816,97.518,99.838,101.254,102.207,103.659,103.537,1
164.0,219.0,0.9639,-0.0673,-1.0217,0.0,0.0,0.0,0.0,0.0,0.0,0.0,0.0,0.0,0.0,0.5,-0.5,0.5,-0.5,0.5,-0.5,0.0,0.0,0.5,-0.5,102.218,103.25,103.25,103.25,100.628,101.955,103.645,103.779,99.24,97.771,96.769,101.118,99.614,100.838,103.764,101.59,0
162.0,220.0,0.9672,-0.2257,-1.0949,0.0,0.0,-2.0,2.0,0.0,0.0,0.0,0.0,0.0,0.0,-0.5,0.5,-0.5,0.5,-0.5,0.5,-0.5,0.5,-1.0,1.0,102.218,103.25,103.25,103.25,100.335,101.872,103.825,103.843,99.938,96.653,98.124,102.208,100.754,100.923,102.627,99.324,0
160.0,239.0,0.9661,1.0631,-1.0817,0.0,0.0,0.0,0.0,0.0,0.0,0.0,0.0,0.0,0.0,0.5,-0.5,0.0,0.0,0.0,0.0,0.5,-0.5,0.0,0.0,102.218,103.25,103.25,103.25,100.472,101.303,103.811,103.322,98.903,97.37,96.897,97.125,100.167,101.41,102.568,103.808,0
157.0,229.0,0.9792,-0.3964,-1.1329,0.5,-0.5,0.0,0.0,0.0,0.0,0.0,0.0,0.0,0.0,0.0,0.0,0.0,1.0,1.5,-1.5,0.0,0.0,0.5,-0.5,102.218,103.25,103.25,103.25,102.421,102.5,104.319,104.379,96.593,97.321,95.963,97.745,102.085,102.841,104.346,103.845,0
153.0,233.0,0.9694,-0.1402,-1.1882,0.0,0.0,-0.5,0.5,0.0,0.0,0.0,0.0,0.0,0.0,-0.5,0.5,0.0,0.0,-0.5,0.5,0.5,-0.5,0.0,0.0,102.218,103.25,103.25,103.25,101.391,101.425,104.05,104.004,97.468,97.597,98.408,97.264,101.656,102.448,104.049,104.048,0
148.0,226.0,0.9761,-0.0084,-1.1618,0.0,0.0,0.0,0.0,0.0,0.0,0.0,0.0,0.0,0.0,-2.0,2.0,-0.5,0.5,-0.5,0.5,0.5,-0.5,-0.5,0.5,102.218,103.25,103.25,103.25,102.426,102.933,103.523,104.019,97.624,97.136,96.143,98.71,101.107,102.404,104.147,103.96,1
149.0,234.0,0.9839,-0.0769,-1.1458,0.0,0.0,0.5,-0.5,0.0,0.0,0.0,0.0,0.0,0.0,0.5,-0.5,0.5,-0.5,-1.0,1.0,0.0,0.0,0.0,0.0,102.218,103.25,103.25,103.25,101.546,102.782,104.088,104.4,99.04,96.849,96.781,99.616,101.708,102.488,104.416,104.337,1
158.0,216.0,0.965,-0.3249,-1.2078,-0.5,0.5,2.5,-2.5,0.0,0.0,0.0,0.0,0.0,0.0,0.5,-0.5,0.0,0.0,0.5,-0.5,0.0,0.0,0.0,0.0,102.218,103.25,103.25,103.25,99.95,101.519,103.976,103.745,98.443,97.911,96.818,97.063,100.142,101.785,101.53,103.115,1
152.0,207.0,0.947,0.5077,-0.9728,-0.5,0.5,0.0,0.0,0.0,0.0,0.0,0.0,0.0,0.0,0.0,0.0,-0.5,0.5,0.0,0.0,0.0,0.0,-0.5,0.5,102.218,103.25,103.25,103.25,97.731,100.361,102.686,103.143,98.591,93.761,95.151,97.44,98.354,100.653,102.719,101.725,1
156.0,202.0,0.9597,-0.1905,-0.8843,-0.5,0.5,0.0,0.0,0.0,0.0,0.0,0.0,0.0,0.0,0.0,0.0,0.5,-0.5,0.0,0.0,0.5,-0.5,-1.0,1.0,102.218,103.25,103.25,103.25,100.057,101.099,103.748,103.646,98.576,97.12,98.293,97.613,99.475,100.391,103.647,103.706,0
153.0,239.0,0.9723,-0.4707,-1.1134,-0.5,0.5,0.0,0.0,0.0,0.0,0.0,0.0,0.0,0.0,-1.5,1.5,0.0,0.0,-0.5,0.5,-0.5,0.5,1.0,0.0,102.218,103.25,103.25,103.25,101.197,101.042,104.046,103.585,98.194,97.546,97.362,96.378,100.749,102.243,103.213,103.788,0
153.0,224.0,0.9639,0.1044,-1.0539,0.0,0.0,0.5,-0.5,0.0,0.0,0.0,0.0,0.0,0.0,0.0,0.0,1.0,-1.0,0.5,-0.5,0.0,0.0,0.0,0.0,102.218,103.25,103.25,103.25,99.125,100.454,103.063,103.602,97.14,95.334,93.549,97.509,100.721,99.935,102.335,102.345,1
163.0,231.0,0.9745,0.2891,-1.1523,-0.5,0.5,0.0,0.0,0.0,0.0,0.0,0.0,0.0,0.0,1.0,-1.0,0.0,0.0,0.0,0.0,0.0,0.0,-0.5,0.5,102.218,103.25,103.25,103.25,101.837,103.106,104.181,104.183,100.035,98.85,97.532,99.029,101.119,101.749,104.002,103.934,0
149.0,219.0,0.9677,-0.7185,-1.1109,-0.5,0.5,0.5,-0.5,0.0,0.0,0.0,0.0,-0.5,0.0,-1.0,1.0,0.0,0.0,0.5,-0.5,-0.5,0.5,0.0,0.0,102.218,103.25,103.25,103.25,100.174,101.695,103.882,103.353,98.501,98.817,97.821,97.242,99.907,101.393,103.081,102.951,1
147.0,255.0,0.974,0.638,-1.3626,-1.0,1.0,1.0,0.0,0.0,0.0,0.0,0.0,0.0,0.0,0.0,0.0,1.0,-1.0,0.5,-0.5,-0.5,1.0,0.0,0.0,102.218,103.25,103.25,103.25,101.494,103.248,104.117,102.89,97.667,97.84,98.857,98.101,103.043,104.083,104.083,102.386,1
146.0,255.0,0.9826,-0.8452,-1.4152,0.5,0.5,1.5,0.0,0.0,0.0,0.0,0.0,0.0,0.0,0.5,-0.5,0.5,-0.5,-0.5,0.5,0.0,0.0,0.0,0.0,102.218,103.25,103.25,103.25,101.787,103.503,104.41,103.135,98.031,97.536,98.72,98.272,103.339,104.383,104.383,103.354,1
147.0,245.0,0.9743,-0.2574,-1.4377,0.5,-0.5,0.0,0.0,0.0,0.0,-0.5,0.5,0.0,0.0,-0.5,0.5,0.5,-0.5,0.5,-0.5,0.0,0.0,-0.5,0.5,102.218,103.25,103.25,103.25,101.155,102.269,104.114,103.281,98.221,96.507,98.667,98.598,103.038,104.079,104.081,102.629,1
149.0,263.0,0.9781,0.0852,-1.4088,0.5,-0.5,0.0,0.0,0.0,0.0,-1.0,1.0,0.0,0.0,0.0,0.0,1.5,-1.5,0.0,0.0,0.0,0.0,1.5,-1.5,102.218,103.25,103.25,103.25,101.13,103.265,104.248,103.35,98.735,97.177,98.668,98.719,103.199,104.248,104.245,102.741,1
148.0,234.0,0.9817,-0.8237,-1.3583,0.5,-0.5,0.5,-0.5,0.0,0.0,0.0,0.0,0.0,0.0,-0.5,0.5,0.5,-0.5,0.5,-0.5,0.0,0.0,-1.0,1.0,102.218,103.25,103.25,103.25,101.527,102.556,104.415,103.516,97.471,96.271,98.501,97.8,103.339,104.382,104.382,103.212,1
147.0,253.0,0.9658,0.3421,-1.4973,0.5,0.5,0.0,0.0,0.0,0.0,0.0,0.0,0.0,0.0,0.5,-0.5,-1.0,1.0,-0.5,0.5,-1.0,0.5,2.5,-2.5,102.218,103.25,103.25,103.25,99.583,103.01,103.815,101.583,95.568,95.275,97.873,98.691,102.738,103.809,103.815,101.378,0
140.0,223.0,0.9742,-0.3559,-1.3817,0.0,0.0,0.0,0.0,0.0,0.0,0.0,0.0,0.0,0.0,0.0,0.0,-0.5,0.5,0.5,-0.5,0.0,0.5,-2.5,2.5,102.218,103.25,103.25,103.25,99.071,103.561,104.114,102.02,96.521,97.229,96.867,98.001,103.075,104.114,104.105,102.609,0
150.0,247.0,0.98,0.3818,-1.5105,-0.5,0.5,0.0,0.0,0.0,0.0,1.5,-1.5,0.0,0.0,-0.5,0.5,-1.0,1.0,0.0,0.0,0.0,0.0,-0.5,0.5,102.218,103.25,103.25,103.25,100.395,104.109,104.347,104.193,94.77,95.103,97.891,97.356,103.267,104.314,104.312,102.629,0
141.0,241.0,0.9624,0.6898,-1.4212,0.5,-0.5,0.0,0.0,0.0,0.0,-0.5,0.5,0.0,0.0,0.0,0.0,1.0,-1.0,-0.5,0.5,0.5,-0.5,-0.5,0.5,102.218,103.25,103.25,103.25,99.778,102.668,103.781,101.515,97.171,96.017,98.413,97.454,102.74,103.783,103.782,101.805,0
145.0,269.0,0.9685,0.8662,-1.3735,0.0,0.0,0.0,0.0,0.0,0.0,0.5,-0.5,0.0,0.0,0.5,-0.5,-2.5,2.5,0.5,-0.5,-1.0,0.5,0.0,0.0,102.218,103.25,103.25,103.25,99.592,102.619,103.915,101.4,96.822,94.838,96.529,95.618,102.844,103.88,103.882,101.1,0
152.0,258.0,0.9787,0.1946,-1.4149,-0.5,0.5,0.0,0.0,0.0,0.0,-2.0,2.5,0.0,0.0,-0.5,0.5,0.5,-0.5,5.5,-5.5,0.0,0.0,-1.5,1.5,102.218,103.25,103.25,103.25,100.604,104.2,104.199,102.794,96.233,93.872,96.651,96.839,103.168,104.211,104.207,102.316,0
147.0,241.0,0.9827,-0.0962,-1.4838,0.0,0.0,0.0,0.0,0.0,0.0,5.5,-5.5,0.0,0.0,0.0,0.0,0.0,0.0,-1.0,1.0,0.0,0.0,0.0,0.0,102.218,103.25,103.25,103.25,102.401,103.622,104.38,103.342,96.662,97.398,99.22,99.107,103.337,104.37,104.379,103.472,1
152.0,250.0,0.9807,-0.3706,-1.5181,0.0,0.0,0.0,0.0,0.0,0.0,0.0,0.0,0.0,0.0,0.5,-0.5,0.0,0.0,0.0,0.0,-0.5,0.0,-1.0,1.0,102.218,103.25,103.25,103.25,100.854,104.158,104.383,103.514,97.987,97.774,99.672,99.277,103.302,104.348,104.349,102.962,1
153.0,244.0,0.9826,-0.4068,-1.4486,0.0,0.0,0.0,0.0,0.0,0.0,0.0,0.0,0.0,0.0,-0.5,0.5,0.0,0.0,0.0,0.0,0.0,0.0,-0.5,0.5,102.218,103.25,103.25,103.25,102.78,103.121,104.383,103.746,96.246,97.241,98.862,98.838,103.258,104.345,104.301,103.019,1
150.0,247.0,0.9826,0.3122,-1.4421,0.0,0.0,0.0,0.0,0.0,0.0,0.0,0.5,0.0,0.0,0.0,0.0,1.0,-1.0,0.0,0.0,0.0,0.0,1.5,-1.5,102.218,103.25,103.25,103.25,100.989,104.214,104.445,103.397,96.092,94.633,97.775,98.07,103.37,104.408,104.414,103.211,0
147.0,242.0,0.9759,-0.1908,-1.376,0.5,0.5,1.0,-1.0,0.0,0.0,0.0,0.0,0.0,0.0,0.0,0.0,1.0,-1.0,-0.5,0.5,0.0,0.0,0.5,-0.5,102.218,103.25,103.25,103.25,101.787,101.718,104.085,102.784,96.555,96.517,98.274,97.216,103.075,104.117,104.116,102.457,1
158.0,241.0,0.9731,-0.5354,-1.4843,0.5,-0.5,0.0,0.0,0.0,0.0,0.0,0.0,0.0,0.0,-1.0,1.0,0.0,0.0,0.0,0.0,0.0,0.0,1.0,-1.0,102.218,103.25,103.25,103.25,100.76,103.526,104.049,103.328,97.971,98.664,101.628,98.773,102.244,101.693,101.042,102.289,1
151.0,223.0,0.9533,-0.197,-1.494,1.0,-1.0,0.0,0.0,0.0,0.0,0.0,0.0,0.0,0.0,0.5,-0.5,0.0,0.0,-1.0,1.0,0.0,0.0,0.0,0.0,102.218,103.25,103.25,103.25,98.162,103.41,103.446,102.116,96.693,96.737,100.113,97.471,100.847,102.064,103.188,100.232,0
154.0,236.0,0.9842,-0.3326,-1.368,0.0,0.0,0.0,0.0,0.0,0.0,0.0,0.0,0.0,0.0,-0.5,0.5,-0.5,0.5,0.0,0.0,0.0,0.0,-1.0,1.0,102.218,103.25,103.25,103.25,103.263,104.026,104.483,103.655,96.41,96.352,99.083,98.243,103.393,104.436,104.449,103.418,1
151.0,226.0,0.9758,-0.5404,-1.3993,1.5,0.0,0.0,0.0,0.0,0.0,0.0,0.0,0.0,0.0,-0.5,0.5,0.0,0.0,-1.0,1.0,0.0,0.0,-0.5,0.5,102.218,103.25,103.25,103.25,101.871,103.71,104.114,102.637,95.711,97.132,98.933,100.06,103.073,104.114,104.116,102.606,1
174.0,261.0,0.877,0.0986,-0.9217,0.0,0.0,0.0,0.0,0.0,0.0,0.5,0.0,0.0,0.0,0.0,0.0,-0.5,0.0,0.0,0.0,0.0,0.0,0.0,0.0,102.149,103.069,102.758,103.095,103.054,102.93,102.061,93.759,103.001,97.597,93.049,89.997,97.939,93.731,98.433,96.413,0
165.0,218.0,0.9169,0.5252,-0.826,0.0,0.0,0.0,0.0,0.0,0.0,-1.0,1.0,0.0,0.0,1.0,-1.0,-0.5,0.5,0.0,0.0,0.0,0.0,0.0,0.0,102.218,103.25,103.25,103.25,102.32,103.046,99.481,99.734,93.819,96.896,94.804,95.947,101.971,97.977,93.19,103.017,1
159.0,247.0,0.9541,0.2743,-0.6909,0.0,0.0,0.0,0.0,0.0,0.0,0.0,0.0,0.0,0.0,1.0,0.0,-0.5,0.5,0.0,0.0,0.0,0.0,0.5,-0.5,102.218,103.25,103.25,103.25,102.736,103.617,99.682,100.501,100.091,98.027,94.32,97.987,97.485,100.052,99.27,100.756,1
156.0,214.0,0.9711,-0.4771,-0.5608,0.0,0.0,0.0,0.0,0.0,0.0,0.0,0.0,0.0,0.0,0.0,0.0,0.0,0.0,0.5,-0.5,0.0,0.0,0.0,0.0,102.218,103.25,103.25,103.25,103.171,103.409,97.077,103.76,96.198,98.675,91.477,97.388,100.407,100.799,100.772,102.773,0
163.0,214.0,0.946,-0.3175,-0.6024,0.0,0.0,0.0,0.0,0.0,0.0,0.0,0.0,0.0,0.0,-0.5,0.0,0.5,-0.5,0.0,0.0,-0.5,0.5,0.0,0.0,102.218,103.25,103.25,103.25,102.348,101.794,98.028,101.927,98.084,97.571,94.375,97.234,96.457,99.258,96.609,103.349,1
154.0,216.0,0.9667,-1.0803,-0.6183,0.0,0.0,0.0,0.0,0.0,0.0,0.0,0.0,0.0,0.0,0.0,0.0,0.0,0.0,0.0,0.0,0.5,-0.5,-0.5,0.5,102.218,103.25,103.25,103.25,103.161,103.603,97.149,102.265,98.957,98.802,91.355,98.123,98.475,100.255,100.209,104.076,0
159.0,210.0,0.9494,-0.4234,-0.3662,0.0,0.0,0.0,0.0,1.0,0.5,0.0,0.0,0.0,0.0,0.5,-0.5,0.0,0.0,0.5,-0.5,-0.5,0.5,0.5,-0.5,102.218,103.25,103.25,103.25,102.738,101.907,97.892,103.583,97.952,95.408,94.25,97.85,98.325,98.591,95.832,103.58,1
158.0,247.0,0.9636,-0.0282,-0.6369,0.0,0.0,0.0,0.0,-1.5,1.5,0.0,0.0,0.0,0.0,1.5,-0.5,0.0,0.0,0.0,0.0,0.0,0.0,0.0,0.0,102.218,103.25,103.25,103.25,102.659,103.681,98.396,99.936,94.145,96.734,91.427,93.204,100.936,98.781,98.85,100.298,0
156.0,229.0,0.9486,-0.9121,-0.648,0.0,0.0,0.0,0.0,0.5,-0.5,0.5,-0.5,0.0,0.0,0.0,0.0,-0.5,0.5,0.0,0.0,0.0,0.0,-1.0,1.0,102.218,103.25,103.25,103.25,102.585,103.555,96.6,98.665,97.311,97.698,91.127,96.083,98.197,99.641,99.886,100.286,0
149.0,264.0,0.9645,-0.0464,-0.9024,0.0,0.0,0.0,0.0,-0.5,0.5,0.0,0.0,0.0,0.0,0.0,0.0,-0.5,0.5,0.0,0.0,0.5,-0.5,0.0,0.0,102.218,103.25,103.25,103.25,102.743,103.781,100.793,99.821,97.931,98.815,98.585,95.076,99.341,100.968,101.131,102.004,1
155.0,221.0,0.9658,-0.2726,-0.4084,0.0,0.0,0.0,0.0,0.0,0.0,0.0,0.0,0.0,0.0,0.0,0.0,0.0,0.0,0.0,0.0,0.0,0.0,0.0,0.0,102.218,103.25,103.25,103.25,102.836,102.614,99.037,102.938,97.566,98.323,95.025,98.612,99.16,100.31,98.941,103.85,1
158.0,211.0,0.9297,-0.6118,-0.781,0.0,0.0,0.0,0.0,-0.5,0.5,0.0,0.0,0.0,0.0,0.5,-0.5,0.0,0.0,-0.5,0.5,0.0,0.0,0.0,0.0,102.218,103.25,103.25,103.25,102.182,103.152,97.957,99.891,94.116,97.551,94.223,98.733,99.725,98.331,95.153,100.163,1
165.0,248.0,0.9449,-0.5933,-0.7923,0.0,0.0,0.0,0.0,0.0,0.0,0.0,0.0,0.0,0.0,0.5,-0.5,0.0,0.0,0.0,0.0,-1.5,0.5,0.0,0.0,102.218,103.25,103.25,103.25,102.215,103.24,100.644,97.838,97.882,97.757,93.278,93.084,95.234,97.894,97.808,99.504,0
155.0,224.0,0.966,-0.8992,-0.4811,0.0,0.0,0.0,0.0,0.0,0.0,0.0,0.0,0.0,0.0,-0.5,0.5,0.0,0.0,-0.5,0.0,-0.5,0.5,0.5,-0.5,102.218,103.25,103.25,103.25,103.155,103.095,98.313,103.108,99.071,97.853,91.983,98.083,98.843,99.886,99.001,103.449,1
159.0,223.0,0.9359,-0.194,-0.8262,0.0,0.0,0.0,0.0,-0.5,0.5,0.0,0.0,0.0,0.0,1.0,0.0,0.0,0.0,-1.5,1.5,0.0,0.0,0.0,0.0,102.218,103.25,103.25,103.25,102.78,103.568,98.389,101.682,100.206,98.144,92.644,97.098,97.781,99.899,99.945,101.515,1
162.0,227.0,0.9318,0.2294,-0.7256,0.0,0.0,0.0,0.0,0.0,0.0,0.0,0.0,0.0,0.0,0.5,-0.5,-0.5,0.5,0.5,-0.5,0.5,-0.5,1.0,-1.0,102.218,103.25,103.25,103.25,102.906,103.427,98.674,101.162,98.434,97.266,93.751,97.68,100.208,99.317,96.912,101.083,1
171.0,265.0,0.9562,0.5804,-0.8879,0.0,0.0,0.0,0.0,0.0,0.0,-0.5,0.5,0.0,0.0,1.0,0.0,0.0,0.0,0.0,0.0,-0.5,0.5,-0.5,0.5,102.218,103.25,103.25,103.25,102.443,103.458,102.537,94.809,99.442,95.661,94.925,88.299,94.786,97.683,97.713,96.326,0
161.0,249.0,0.9562,0.0978,-0.7353,0.0,0.0,0.0,0.0,0.0,0.0,3.0,-3.0,0.0,0.0,0.0,0.0,-0.5,0.5,0.0,0.0,1.0,-0.5,0.0,0.0,102.218,103.25,103.25,103.25,102.481,103.511,100.664,100.305,98.587,97.955,93.934,96.352,96.879,99.865,99.708,101.282,1
159.0,208.0,0.9573,-0.3668,-0.6063,0.0,0.0,0.0,0.0,0.0,0.0,0.0,0.0,0.0,0.0,-0.5,0.5,0.0,0.0,0.0,0.0,0.0,0.0,0.0,0.0,102.218,103.25,103.25,103.25,102.645,102.348,98.749,103.082,96.989,98.139,94.969,98.412,98.311,99.675,99.066,103.684,1
151.0,246.0,0.9572,-0.675,-0.6209,0.0,0.0,0.0,0.0,-0.5,0.5,0.5,-0.5,0.0,0.0,0.0,0.0,0.0,0.0,0.0,0.0,0.0,1.0,0.0,0.0,102.218,103.25,103.25,103.25,102.674,103.714,99.311,96.177,95.906,97.412,91.03,94.951,99.47,99.723,99.882,99.481,0
135.0,309.0,0.919,-0.5605,0.3941,0.0,0.0,0.0,0.0,1.0,0.5,-0.5,1.5,0.5,-0.5,0.0,0.0,0.5,-0.5,-2.5,2.5,0.0,0.0,0.0,-1.0,102.2,103.225,103.225,103.2,102.38,102.241,98.125,92.818,100.603,97.135,86.755,88.632,98.598,97.763,98.301,100.904,0
156.0,187.0,0.8906,-0.2831,-0.0443,0.0,0.0,0.0,0.0,0.0,0.0,0.0,0.0,0.0,0.0,0.0,0.0,-0.5,0.5,1.0,0.0,0.0,0.0,0.0,0.0,102.218,103.25,103.25,103.25,102.413,102.655,99.33,101.239,100.877,91.393,93.591,101.733,97.023,99.677,100.778,103.441,0
160.0,210.0,0.9118,-0.8394,-0.1857,0.0,0.0,0.0,0.0,0.0,0.0,0.0,0.0,0.0,0.0,0.0,0.0,0.5,-0.5,0.0,0.0,0.0,0.0,0.0,0.0,101.804,102.83,101.657,102.274,101.969,99.413,98.76,101.368,101.847,93.774,99.646,100.991,96.309,90.875,102.842,102.997,1
125.0,172.0,0.8151,-0.5907,0.8574,0.0,0.0,1.5,-1.5,0.0,0.0,0.5,-0.5,0.0,0.0,0.0,0.0,0.5,-0.5,0.0,0.0,0.0,0.0,0.0,0.0,100.361,93.62,97.921,100.644,99.48,88.292,98.327,99.025,98.834,90.457,101.413,102.978,92.091,100.955,102.991,102.983,0
136.0,216.0,0.8046,-0.0281,-1.0652,0.0,0.0,0.0,0.0,-0.5,0.0,0.0,0.0,0.5,-0.5,0.0,0.0,-1.5,1.5,0.0,0.0,0.0,0.0,0.0,0.0,100.436,99.707,96.761,99.749,101.479,97.527,98.316,97.899,98.083,87.982,99.83,102.998,94.749,100.751,102.188,102.996,1
129.0,197.0,0.9039,0.127,-0.1204,0.0,0.0,1.5,0.0,0.0,0.0,0.0,0.0,-0.5,0.5,0.0,0.0,0.0,0.0,-0.5,0.5,0.0,0.0,0.0,0.0,101.538,102.162,99.284,102.556,101.963,95.839,100.043,99.478,97.315,87.367,100.921,102.999,97.391,101.66,102.997,102.996,1
148.0,195.0,0.8802,-0.5535,0.5712,0.0,0.0,0.0,0.0,0.5,-0.5,0.0,0.0,0.0,0.0,0.0,0.0,0.5,-0.5,2.5,-2.5,0.0,0.0,-1.5,0.0,101.302,101.608,100.136,101.623,101.934,96.246,97.181,102.299,101.918,87.123,93.626,98.861,94.951,93.108,102.578,102.98,0
136.0,199.0,0.8477,-0.6783,0.8108,0.0,0.0,0.5,0.5,1.0,0.5,-0.5,0.5,0.0,0.0,1.5,0.0,-1.0,1.0,-2.0,2.0,0.0,0.0,0.0,0.0,100.777,101.33,93.871,101.77,101.902,93.405,95.721,100.239,100.563,89.037,94.28,101.566,93.302,96.492,101.988,102.986,0
137.0,206.0,0.8829,-0.5749,-0.2574,0.0,0.0,0.0,0.0,0.0,-0.5,-2.0,0.5,0.0,0.0,0.0,0.0,0.0,0.0,-0.5,-0.5,0.0,0.0,0.0,0.0,101.301,102.316,99.576,98.436,101.951,100.346,87.927,95.321,96.841,90.387,94.083,102.954,96.768,97.176,98.865,102.97,0
147.0,207.0,0.8565,-0.7343,0.2987,0.0,0.0,0.0,0.0,-1.5,1.5,-1.0,0.0,0.0,0.0,0.0,0.0,0.5,0.5,1.5,-1.5,1.5,-1.5,0.0,0.0,102.138,103.028,102.732,102.202,103.217,101.663,85.433,101.156,101.837,89.108,88.923,100.802,101.427,95.571,98.12,102.978,0
132.0,200.0,0.9109,0.0046,-1.0271,0.0,0.0,0.5,-0.5,0.0,0.0,0.0,0.0,-0.5,0.5,-0.5,0.5,0.0,0.0,0.0,0.0,0.0,0.0,0.0,0.0,101.738,102.707,101.514,102.765,101.482,96.902,97.907,99.311,92.002,93.785,102.911,103.0,98.691,101.234,102.997,102.998,1
144.0,239.0,0.7979,-0.6758,0.04,0.0,0.0,0.0,0.0,0.5,-0.5,-0.5,-0.5,0.0,0.0,0.0,0.0,0.0,0.0,0.5,-0.5,-0.5,0.5,0.0,0.0,101.193,101.794,99.234,94.425,102.53,102.45,89.702,97.157,102.295,97.012,86.613,98.253,98.05,95.859,96.088,102.978,0
133.0,218.0,0.8786,-0.6466,0.2124,0.0,0.0,0.0,0.0,-2.0,2.0,-0.5,0.5,0.5,-0.5,0.0,0.0,0.0,0.0,1.0,-1.0,0.0,0.0,0.0,0.0,101.221,102.224,95.442,98.447,101.851,101.172,85.02,97.021,97.972,87.704,91.152,102.86,94.836,98.714,97.71,102.936,0
140.0,199.0,0.8373,-0.678,0.2604,0.0,0.0,1.0,-1.0,1.0,-0.5,-0.5,0.5,0.0,0.0,0.0,0.0,0.0,0.0,0.0,-1.0,0.0,0.0,0.0,0.0,100.707,101.706,100.332,101.716,101.956,95.622,97.195,99.14,101.927,91.916,97.76,102.984,93.9,99.894,102.962,102.995,0
152.0,202.0,0.9068,-0.7844,0.5916,0.0,0.0,0.0,0.0,0.0,0.0,0.5,-0.5,-0.5,0.5,0.0,0.0,-0.5,0.5,-0.5,-0.5,0.0,0.0,0.0,0.0,101.639,102.665,101.408,102.663,101.964,100.739,97.504,99.584,101.893,91.295,100.334,102.997,95.801,97.607,102.213,102.999,1
141.0,222.0,0.8477,-0.4181,0.3073,0.0,0.0,0.0,0.0,0.5,-1.0,0.0,0.0,0.0,0.0,0.0,0.0,1.0,-0.5,-0.5,0.5,0.0,0.0,0.0,0.0,100.771,101.788,97.298,98.465,101.957,98.727,94.582,102.261,101.965,90.34,99.353,100.927,100.519,94.605,97.863,102.998,1
179.0,182.0,0.8893,0.6257,0.9274,0.0,0.0,0.0,0.0,0.5,-0.5,0.0,0.0,0.0,0.0,0.0,0.0,0.5,-0.5,0.0,0.0,0.0,0.0,0.0,0.0,101.397,102.429,102.421,102.421,101.958,102.217,99.864,100.611,101.241,94.682,93.698,102.983,94.159,96.153,98.544,102.982,0
155.0,227.0,0.8934,-1.198,-0.3442,0.0,0.0,0.0,0.0,-0.5,0.5,0.0,0.0,0.0,0.0,0.0,0.0,-0.5,0.5,0.0,1.0,0.0,0.0,0.0,0.0,101.476,102.499,100.522,101.212,101.968,100.765,97.123,99.616,101.971,93.564,98.004,102.987,97.423,94.065,102.222,102.999,1
163.0,182.0,0.9154,-0.9776,-0.2983,0.0,0.0,0.0,0.0,0.0,0.0,0.0,0.0,-0.5,0.5,0.0,0.0,0.0,0.0,0.0,0.0,-1.0,1.0,0.0,0.0,101.838,102.866,101.569,102.866,101.896,98.216,101.712,101.908,99.658,96.777,100.497,101.281,96.546,97.662,102.999,103.0,1
133.0,243.0,0.8741,-0.5794,-1.0254,0.0,0.0,1.0,0.5,-0.5,0.5,-1.0,1.0,0.0,0.0,0.0,0.0,1.0,-1.0,1.0,0.0,0.0,0.0,0.0,0.0,101.179,102.071,98.374,100.437,101.967,99.516,96.659,98.332,101.54,91.886,98.514,102.997,94.545,99.891,102.951,103.0,1
143.0,242.0,0.9537,-0.3376,1.0697,0.0,0.0,0.0,0.0,0.0,0.0,0.5,-0.5,-0.5,0.5,0.0,0.0,0.0,0.0,0.5,-0.5,-1.0,1.0,0.0,0.0,102.218,103.25,103.25,103.25,102.364,102.858,98.272,100.188,100.744,92.25,89.129,100.217,98.082,99.714,100.276,103.356,0
128.0,235.0,0.8975,0.3417,-1.5269,0.0,0.0,0.5,-0.5,-1.0,1.0,0.0,0.0,0.0,0.0,0.0,0.0,-0.5,0.5,0.0,0.0,0.0,0.0,0.0,0.0,101.508,101.639,100.641,102.533,101.948,95.382,98.761,99.683,94.314,97.099,102.934,103.001,97.158,100.993,103.0,103.001,1
139.0,241.0,0.8552,-0.3994,-0.7811,0.0,0.0,0.0,0.0,0.0,0.0,0.0,0.0,0.0,0.0,0.0,0.0,0.0,0.0,-0.5,0.5,0.0,0.0,0.0,0.0,100.913,101.932,100.61,98.86,101.966,101.19,93.33,99.375,100.061,93.48,99.625,103.001,97.401,100.732,102.058,102.998,1
140.0,249.0,0.8903,-1.1784,-1.2078,0.0,0.0,0.0,0.0,0.0,0.0,0.5,-0.5,0.0,0.0,0.0,0.0,0.5,-0.5,0.0,0.0,0.0,0.0,0.0,0.0,101.441,102.464,99.918,102.466,101.966,98.695,100.83,99.156,101.802,94.194,99.581,102.989,96.596,94.957,102.996,102.998,1
163.0,185.0,0.9551,-0.7317,-0.3747,0.0,0.0,0.0,0.0,0.0,0.0,0.0,0.0,-0.5,0.5,-0.5,0.5,0.0,1.0,1.5,-0.5,0.5,-0.5,0.0,0.0,102.218,103.25,103.25,103.25,95.984,101.997,103.451,103.493,92.699,93.156,87.36,94.164,91.007,90.763,96.01,102.943,0
153.0,211.0,0.896,0.019,-1.1636,0.0,0.0,-0.5,0.5,0.0,0.0,0.0,0.0,0.0,0.0,0.0,0.0,0.0,0.0,0.5,-0.5,-0.5,-0.5,0.0,0.0,102.218,103.25,103.25,103.25,102.785,95.057,101.025,98.593,97.176,85.644,88.159,93.869,101.878,100.167,97.173,99.765,1
155.0,221.0,0.9361,-0.2134,-0.8253,0.0,0.0,0.0,0.0,0.0,0.0,0.0,0.0,0.0,0.0,-2.5,2.5,0.0,0.0,0.0,0.0,1.0,-1.0,0.0,0.0,102.218,103.25,103.25,103.25,102.01,102.361,101.93,98.174,96.76,86.682,90.199,95.302,94.913,97.098,99.583,100.28,0
153.0,194.0,0.9628,-0.1968,-0.5466,0.5,-0.5,0.0,0.0,0.0,0.0,0.0,0.0,0.0,0.0,-0.5,0.5,-1.0,2.0,1.5,-1.5,0.5,-0.5,0.0,0.0,102.218,103.25,103.25,103.25,97.781,101.995,103.662,103.669,92.236,89.844,85.156,96.439,98.283,100.468,101.297,101.852,0
167.0,253.0,0.8905,-0.5816,-1.0224,0.0,0.0,0.0,0.0,0.0,0.0,0.0,0.0,0.0,0.0,0.0,0.0,-1.0,2.0,0.0,0.0,0.0,0.0,2.0,-2.0,102.129,103.098,102.592,103.099,102.579,96.984,99.814,100.495,101.915,94.161,93.201,92.336,100.008,97.2,98.523,94.746,0
147.0,199.0,0.8939,0.0644,-0.8336,0.0,0.0,-0.5,0.5,0.0,0.0,0.0,0.0,0.0,0.0,0.0,0.0,0.0,0.0,0.5,-0.5,0.5,-0.5,0.0,0.0,102.218,103.25,103.25,103.25,99.205,98.213,101.472,101.818,98.505,89.361,86.867,94.756,100.36,101.668,98.357,101.536,1
168.0,186.0,0.8712,-0.4104,-1.2015,0.0,0.0,0.0,0.0,0.0,0.0,0.5,-0.5,0.0,0.0,0.0,0.0,-1.0,1.0,0.0,0.0,-0.5,1.0,0.0,0.0,101.602,102.524,102.529,102.525,100.072,101.031,102.83,98.839,94.235,91.689,88.712,96.945,97.01,93.894,96.031,100.986,1
151.0,217.0,0.8638,-0.3869,-1.1433,-0.5,0.5,2.5,-2.0,0.0,0.0,0.0,0.0,0.0,0.0,0.0,0.0,0.5,0.5,0.5,-0.5,-1.0,0.0,0.0,0.0,101.853,100.778,102.824,102.832,99.19,94.517,99.695,96.14,98.843,88.983,88.204,95.16,96.397,98.025,99.159,97.885,1
148.0,201.0,0.9033,-0.296,-1.0753,0.0,0.0,0.0,0.0,0.0,0.0,-0.5,0.5,0.0,0.0,0.0,0.0,-1.0,1.0,0.0,-1.5,2.0,-1.5,0.0,0.0,102.218,103.25,103.25,103.25,102.204,96.078,99.903,97.343,97.386,86.997,87.406,95.159,100.404,97.959,100.201,100.136,1
155.0,214.0,0.9304,-0.4961,-0.7792,0.0,0.0,-1.0,1.0,0.0,0.0,0.0,0.0,-0.5,0.0,0.0,0.0,-0.5,0.5,0.5,-0.5,4.0,-2.5,-0.5,0.5,102.218,103.25,103.25,103.25,102.162,95.526,101.521,97.934,99.761,85.891,87.028,95.439,97.403,98.377,95.709,100.307,1
149.0,231.0,0.8769,-0.424,-1.0896,1.0,0.5,-1.0,1.0,-0.5,0.5,-0.5,0.5,0.0,0.0,0.0,0.0,-0.5,0.5,0.5,-0.5,1.5,-1.5,0.0,0.0,102.113,103.027,102.802,103.031,100.995,93.861,100.67,99.152,102.599,91.034,90.496,87.964,100.23,96.832,98.449,102.942,0
145.0,211.0,0.8566,-0.5225,-1.1007,0.0,0.0,0.0,0.0,1.5,-0.5,0.0,0.0,0.0,0.0,0.0,0.0,0.5,-0.5,-2.0,2.0,1.0,-1.0,-0.5,1.0,101.737,99.738,102.593,102.3,98.335,93.87,98.763,97.609,101.839,92.355,94.988,91.714,100.015,98.979,98.809,101.225,0
156.0,240.0,0.8478,0.114,-1.0082,0.0,0.0,-0.5,0.5,-1.5,0.0,-1.5,1.5,0.0,0.0,0.0,0.0,-0.5,0.5,1.0,0.0,0.5,-0.5,0.0,0.0,102.122,102.877,102.137,102.965,103.269,98.08,101.81,99.251,101.306,90.285,89.427,91.477,101.763,95.487,96.098,98.777,1
145.0,192.0,0.9012,-0.2001,-1.1096,0.5,-0.5,0.0,0.0,-1.0,0.0,-1.0,1.0,0.0,0.0,0.0,0.0,-1.5,1.5,3.0,-3.0,0.0,0.0,0.0,0.0,102.13,103.145,103.078,103.165,97.215,98.055,98.972,95.068,94.357,80.601,87.746,96.755,95.166,99.993,102.766,96.171,0
158.0,232.0,0.8122,0.2013,-1.0765,0.0,0.0,0.0,0.0,-0.5,0.5,0.0,0.0,0.0,0.0,0.0,0.0,0.5,-0.5,0.5,-0.5,0.5,-0.5,0.0,0.0,102.218,103.25,103.25,103.25,103.95,101.118,100.434,100.832,103.95,91.249,89.65,91.244,103.95,94.292,97.763,102.043,1
156.0,177.0,0.8745,-0.3958,-1.2008,0.0,0.0,0.0,0.0,0.0,0.0,-0.5,0.5,0.0,0.0,-1.0,1.0,0.0,0.0,1.0,-1.0,-1.0,0.0,0.0,0.0,101.933,102.844,102.858,102.854,98.725,98.62,102.021,98.703,95.481,90.248,86.051,99.35,97.067,95.972,99.469,101.785,1
157.0,197.0,0.9583,-0.3353,-0.6962,0.0,1.0,0.5,-0.5,0.0,0.0,0.0,0.0,0.0,0.0,-0.5,0.5,-1.0,1.5,1.5,0.0,0.5,-0.5,-0.5,0.5,102.218,103.25,103.25,103.25,94.787,102.374,103.51,103.576,89.219,90.835,84.809,93.307,96.122,94.464,96.154,100.965,0
170.0,205.0,0.8943,-0.3532,-1.2395,0.0,0.0,0.0,0.0,0.5,-0.5,0.0,0.0,0.0,0.0,0.5,-0.5,0.0,0.0,0.0,0.0,0.0,0.0,0.0,0.0,101.607,99.509,102.622,102.624,97.356,99.21,100.578,101.65,94.402,95.93,98.112,97.288,96.544,98.98,96.553,92.188,0
153.0,176.0,0.9201,-0.6575,-0.8711,0.5,-0.5,0.5,-0.5,0.0,0.0,0.0,0.0,0.0,0.0,0.5,-0.5,-1.0,1.0,0.0,0.5,0.5,-0.5,0.0,0.0,101.692,102.726,102.73,102.728,98.936,100.326,95.938,98.747,89.492,86.342,89.549,99.219,89.668,100.757,96.913,102.967,0
146.0,188.0,0.885,-0.2866,-1.1306,1.5,0.0,0.0,0.0,0.0,0.0,-0.5,0.5,0.0,0.0,0.0,0.0,-2.0,1.0,0.5,-0.5,0.5,-0.5,0.0,0.0,102.218,103.25,103.25,103.25,99.477,98.111,101.057,99.747,97.989,86.385,88.656,100.114,98.353,102.009,99.983,101.294,1
143.0,207.0,0.961,-0.4687,-0.5858,0.0,0.0,0.0,0.0,0.0,0.0,0.0,0.0,0.0,0.0,0.0,0.0,0.0,0.0,0.0,0.0,0.0,0.0,0.0,0.0,102.218,103.25,103.25,103.25,99.692,102.764,101.854,99.259,90.745,87.242,83.412,100.829,97.609,103.565,100.47,103.636,0
148.0,234.0,0.9094,-0.3354,-1.0007,0.0,0.0,0.0,0.0,0.0,0.0,0.0,0.0,0.0,0.0,0.0,0.0,0.5,-0.5,0.5,-0.5,-1.5,3.0,0.0,0.0,102.218,103.25,103.25,103.25,103.066,97.009,98.492,97.501,101.444,88.386,91.39,90.823,100.169,100.042,102.476,97.543,1
158.0,183.0,0.9257,-0.3471,-1.0874,0.0,0.0,0.5,-0.5,0.0,0.0,0.0,0.0,0.0,0.0,0.0,0.0,0.0,-0.5,0.5,-0.5,0.0,0.0,0.0,0.0,102.218,103.25,103.25,103.25,99.773,101.015,103.315,102.344,94.512,89.054,85.816,96.316,93.486,100.164,99.331,102.2,1
162.0,201.0,0.9418,-0.2899,-0.7245,0.5,-0.5,-0.5,0.5,0.0,0.0,0.0,0.0,0.0,0.0,0.0,0.0,1.0,0.0,0.0,0.0,0.5,-0.5,0.5,-0.5,102.218,103.25,103.25,103.25,94.733,98.338,103.137,103.159,93.798,92.814,89.531,90.309,92.357,91.894,96.861,97.19,0
156.0,243.0,0.9283,-0.6735,-0.9328,0.5,-0.5,0.0,0.0,0.0,0.0,0.0,0.0,0.0,0.0,0.0,0.0,0.0,1.5,1.5,-1.0,-0.5,0.5,0.0,0.0,102.134,103.163,102.83,103.165,97.248,97.248,95.715,102.021,94.695,93.876,92.862,89.752,97.906,94.184,95.008,96.739,0
154.0,245.0,0.8707,-0.9295,-0.862,0.0,0.5,0.5,-0.5,0.5,-0.5,0.0,0.0,0.0,0.0,0.0,0.0,-1.0,1.0,3.5,-3.5,1.0,-1.0,0.0,0.0,101.175,100.312,101.912,101.115,100.932,97.633,96.648,95.654,94.6,92.679,94.16,96.027,99.497,96.066,90.759,100.437,1
160.0,197.0,0.8829,-0.9038,-0.8163,0.0,0.0,0.5,-0.5,-0.5,0.5,0.0,0.0,0.0,0.0,-0.5,0.5,-1.0,1.0,-1.0,2.0,0.5,-0.5,1.5,0.0,101.343,101.496,102.367,102.366,94.781,98.422,102.68,102.237,94.152,97.067,98.437,97.106,100.768,98.615,95.654,99.685,0
140.0,245.0,0.8763,-0.5595,-0.7502,0.0,0.0,0.0,0.0,0.0,0.0,0.0,1.0,0.5,-0.5,0.0,0.0,1.0,-1.0,0.5,-1.0,0.0,0.0,0.0,0.0,101.211,101.105,102.233,102.216,99.983,97.257,95.435,94.605,96.326,91.224,91.357,95.393,100.51,95.516,95.823,102.689,1
164.0,265.0,0.9377,-0.0061,-0.9449,0.0,0.0,0.0,0.0,0.5,-0.5,0.5,-0.5,0.0,0.0,0.5,-0.5,-0.5,1.0,0.0,0.0,0.5,-0.5,-2.5,2.5,102.218,103.25,103.25,103.25,99.993,99.067,97.724,102.079,95.682,95.728,93.782,93.496,98.632,96.111,97.287,94.268,0
150.0,298.0,0.9283,-0.7491,-0.8744,0.0,0.0,0.0,0.0,0.0,0.0,0.0,0.0,0.0,0.0,0.0,0.0,0.0,0.0,0.0,0.0,1.0,-2.5,0.0,0.0,102.102,103.132,103.132,103.133,101.97,100.866,101.627,100.733,100.868,98.283,93.304,89.553,98.257,93.072,96.529,102.257,0
158.0,243.0,0.8209,-0.4781,-1.117,0.0,0.0,-0.5,0.5,0.0,0.5,1.5,0.5,2.0,-1.0,-0.5,1.0,-0.5,1.0,0.0,0.0,0.5,-0.5,0.0,0.0,100.478,101.457,99.671,99.031,100.027,97.929,97.484,93.466,93.59,90.394,88.103,92.369,90.707,86.355,90.543,95.812,0
151.0,258.0,0.8995,-1.0311,-0.7147,-1.0,0.5,-0.5,0.5,-0.5,0.5,-1.0,2.0,0.5,-0.5,0.5,-0.5,0.0,0.0,0.5,-0.5,0.5,-0.5,-0.5,1.0,101.574,102.207,101.658,102.599,100.691,97.979,99.553,98.75,98.699,96.549,94.075,95.784,100.263,92.805,95.355,97.55,1
159.0,221.0,0.9233,-0.812,-1.1075,1.0,-1.0,-0.5,0.5,0.0,0.0,0.0,0.0,0.0,0.0,3.0,-3.0,1.5,-1.5,0.0,0.0,0.0,0.0,1.5,-1.5,101.997,102.511,103.019,103.031,95.171,98.692,101.366,102.217,91.877,92.956,94.751,96.253,101.591,98.614,97.76,94.864,0
172.0,256.0,0.8861,-0.9096,-0.8569,0.0,0.0,0.0,0.0,0.5,0.0,0.0,0.0,0.5,-0.5,0.0,0.0,0.5,0.0,1.0,-1.0,0.0,0.0,0.0,0.0,101.376,101.082,101.963,102.399,101.97,98.247,98.938,100.267,96.99,96.545,94.296,93.615,96.279,91.091,96.395,96.393,1
147.0,255.0,0.8786,-0.9254,-0.7023,0.0,0.0,0.0,0.5,0.0,0.0,1.0,-1.0,0.5,0.5,0.0,0.0,-0.5,0.5,0.5,-0.5,-3.0,1.5,0.0,0.0,101.275,101.949,100.414,100.363,101.185,97.177,98.113,94.836,97.547,90.845,95.512,97.364,100.484,97.997,91.332,98.818,1
162.0,281.0,0.9224,0.0233,-0.9404,0.0,0.0,0.0,0.0,0.0,0.0,0.0,0.0,0.0,0.0,0.5,-0.5,0.5,-0.5,0.5,-0.5,-1.0,1.0,0.0,0.0,102.002,102.245,102.111,103.033,98.739,98.805,101.043,102.558,96.328,94.21,94.874,91.65,100.443,99.2,98.571,95.298,0
183.0,245.0,0.8888,-0.4256,-0.9684,-0.5,1.0,0.0,0.0,0.0,0.0,0.0,0.0,0.0,0.0,-0.5,0.5,1.0,-1.0,0.5,-0.5,0.0,0.0,0.0,0.0,101.439,101.32,102.464,102.466,98.224,98.967,100.954,102.998,95.936,96.018,98.006,100.529,100.347,99.445,98.529,98.761,0
168.0,278.0,0.9146,1.2765,-1.0353,0.0,0.0,0.0,0.0,0.0,0.0,-0.5,0.5,0.0,0.0,1.0,-1.0,0.0,0.0,0.5,-0.5,1.5,-1.5,0.0,0.0,101.772,102.8,101.223,102.8,100.019,99.381,100.433,100.838,94.742,97.277,97.203,92.288,99.134,95.043,96.785,91.915,0
165.0,258.0,0.9053,-0.8491,-0.8949,0.0,0.0,-0.5,0.5,0.5,-0.5,0.0,0.0,2.0,-2.0,0.0,0.0,0.0,0.0,0.0,-0.5,0.5,0.0,0.5,-0.5,101.671,101.665,102.7,102.698,101.967,99.189,99.559,97.066,98.208,96.135,94.016,94.322,97.43,89.836,89.846,99.001,1
160.0,296.0,0.9421,-0.6987,-0.802,0.0,0.0,0.0,0.0,-0.5,0.5,0.0,0.0,-1.0,1.0,0.0,0.0,1.0,-1.0,1.0,-1.0,3.0,-3.0,1.0,-2.0,102.218,103.25,103.25,103.25,102.181,101.914,100.043,102.868,99.372,97.178,94.533,89.2,100.264,94.674,97.166,98.154,0
146.0,251.0,0.8872,-0.8542,-0.7788,-0.5,0.5,0.0,0.0,0.0,0.0,0.0,0.0,0.5,1.0,1.0,-1.0,0.0,0.5,0.0,0.0,1.5,-1.5,0.0,0.0,101.406,101.181,101.409,102.015,100.698,96.395,96.69,95.93,96.421,90.921,96.371,97.678,100.625,98.907,90.984,100.139,1
154.0,268.0,0.9043,-0.7498,-0.7483,0.0,0.0,0.0,0.0,0.5,-0.5,0.5,0.5,2.0,-2.0,0.0,0.0,0.5,-0.5,1.5,-1.5,0.5,0.5,-0.5,0.5,101.673,102.699,102.358,102.696,101.968,99.91,97.246,99.071,98.829,93.334,94.386,92.687,98.034,96.345,96.423,96.543,1
157.0,255.0,0.8914,-0.9734,-0.8694,0.0,0.0,0.0,0.0,0.0,0.0,0.0,0.0,0.0,0.0,0.5,-0.5,-1.0,0.5,4.0,-4.0,1.5,-0.5,1.5,-3.0,101.441,102.299,102.466,102.466,101.969,98.33,97.334,97.796,97.158,93.251,93.459,95.156,98.081,92.807,92.346,99.326,1
149.0,284.0,0.9323,-0.5786,-0.7076,0.0,0.0,0.0,0.0,0.0,0.0,0.0,0.0,-0.5,0.5,-0.5,0.5,0.0,0.0,1.0,-1.0,0.5,-0.5,0.0,0.0,102.201,103.233,103.232,103.231,101.573,100.548,100.322,100.196,97.935,94.626,93.352,91.786,99.895,97.448,96.454,101.414,0
149.0,252.0,0.866,-0.6625,-1.0503,-0.5,0.5,0.0,0.0,0.0,0.0,0.0,0.0,0.5,-0.5,-1.5,1.5,0.0,0.5,0.0,0.0,1.5,-3.0,0.0,0.0,101.079,102.099,102.1,101.892,99.567,98.906,96.166,93.418,96.267,88.785,90.452,99.258,99.684,94.092,96.118,94.082,0
162.0,245.0,0.8426,-0.4205,-1.088,1.0,0.5,0.0,0.0,0.0,1.0,0.0,0.5,1.5,-1.5,0.0,0.0,1.0,-1.0,0.0,0.0,0.0,0.0,0.5,-0.5,100.78,101.797,101.795,101.483,100.963,99.674,97.6,95.978,96.16,91.829,90.474,96.514,97.988,91.379,98.543,93.053,0
161.0,255.0,0.8924,-0.9462,-0.9694,0.0,0.0,-0.5,0.5,0.0,0.0,1.5,-0.5,0.0,-0.5,-0.5,0.5,-1.0,1.0,-0.5,0.5,-1.0,1.0,0.5,0.5,101.508,102.408,102.53,102.034,101.962,98.043,98.04,96.864,95.638,95.585,94.192,95.579,97.472,90.541,90.599,97.535,1
169.0,227.0,0.8985,-0.8542,-1.0205,0.0,0.0,0.5,-0.5,-0.5,0.5,0.0,0.0,0.0,0.0,0.0,0.0,0.0,0.0,0.5,-0.5,0.0,0.0,0.5,-0.5,101.603,101.602,102.627,102.629,96.89,98.543,99.651,102.187,94.382,93.978,96.058,96.197,101.676,100.14,100.672,97.447,0
159.0,251.0,0.8752,-0.8823,-0.9937,0.0,0.0,-0.5,0.5,-0.5,0.5,2.5,-1.5,-1.0,1.0,0.0,0.0,-0.5,0.0,0.5,-0.5,0.0,0.0,-0.5,-1.5,101.21,102.233,102.23,102.233,101.957,98.992,97.124,96.932,96.615,94.607,91.321,95.209,94.051,92.61,94.523,96.43,0
155.0,253.0,0.8763,-0.9625,-0.9015,0.0,0.0,0.5,-0.5,0.0,0.0,-0.5,-0.5,0.0,0.0,0.0,0.0,0.5,-0.5,0.0,0.0,1.0,0.0,0.0,0.0,101.197,101.056,101.166,102.053,101.603,98.834,97.657,96.275,95.974,95.132,93.666,97.354,96.172,94.23,93.121,98.867,1
152.0,286.0,0.9477,-0.3914,-0.8578,0.0,0.0,0.0,0.0,0.0,0.0,0.0,0.0,0.5,0.5,-0.5,0.5,0.5,-0.5,0.5,-0.5,-2.0,2.0,0.5,-0.5,102.218,103.25,103.25,103.25,102.314,101.983,101.367,103.068,98.734,93.05,92.257,86.972,100.05,97.357,100.582,99.703,0
148.0,250.0,0.884,-0.8661,-0.754,0.5,-0.5,-0.5,0.5,0.0,0.0,0.0,0.0,2.5,-2.5,0.0,0.0,-0.5,0.5,1.5,-2.0,0.0,0.0,0.5,-0.5,101.373,101.457,101.971,102.399,100.433,97.301,96.06,96.76,97.936,90.344,95.04,97.552,100.651,97.74,92.53,99.649,1
147.0,234.0,0.9377,-0.9473,-0.7502,0.0,0.0,0.0,0.0,0.0,0.0,0.5,-0.5,0.0,0.0,0.5,-0.5,0.0,0.0,0.0,0.0,0.0,0.0,0.0,0.0,101.97,102.999,102.644,102.999,101.575,102.735,99.192,102.614,97.379,98.784,98.151,98.383,99.073,100.924,101.601,102.93,0
167.0,268.0,0.902,0.1317,-1.3825,0.0,0.0,0.0,0.0,0.0,0.0,1.0,-1.0,0.0,0.0,0.0,0.0,1.5,-1.5,0.0,0.0,1.0,-1.0,-0.5,0.5,101.638,102.659,102.655,101.289,101.962,102.987,102.975,96.578,97.741,97.325,100.781,89.465,94.506,95.688,102.804,102.96,0
117.0,253.0,0.9262,-0.7205,-0.8383,0.0,0.0,0.0,0.0,0.0,0.0,0.0,0.5,0.0,0.0,0.0,0.0,0.0,0.0,0.0,0.0,0.0,0.0,0.0,0.0,100.329,101.69,100.441,100.962,99.808,99.985,100.496,100.451,99.088,99.456,101.152,100.443,101.001,102.849,102.993,102.997,1
114.0,242.0,0.9254,-0.2734,-0.7312,0.0,0.0,0.0,0.0,0.5,-0.5,0.0,0.0,0.0,0.0,0.5,-0.5,0.0,0.0,0.0,0.0,0.0,0.0,0.0,0.0,100.551,101.563,99.126,100.998,100.609,102.209,98.766,100.938,97.405,99.542,100.677,100.793,100.149,102.998,102.996,102.998,1
152.0,292.0,0.8874,0.0625,-1.4,0.0,0.0,0.0,0.0,0.0,0.0,0.5,-0.5,-3.5,3.5,0.0,0.0,-0.5,0.5,0.0,0.0,-0.5,0.5,-0.5,0.5,101.638,102.665,102.663,101.823,101.965,102.972,102.962,97.285,99.794,95.853,101.495,94.579,97.528,98.82,101.113,102.965,0
145.0,272.0,0.9091,-0.7453,-0.858,0.0,0.0,0.0,0.0,-0.5,0.5,0.0,0.0,-0.5,0.5,0.0,0.0,0.0,0.0,0.5,-0.5,0.0,0.0,0.0,0.0,101.705,102.731,102.133,102.731,100.602,101.951,98.587,102.162,98.579,99.243,97.802,99.951,100.334,101.721,101.425,101.228,0
171.0,239.0,0.9154,-0.1443,-1.1978,0.0,0.5,0.0,0.0,0.0,0.0,-0.5,0.5,0.0,0.0,0.0,1.0,4.5,-3.0,0.0,0.0,1.0,-0.5,0.0,0.0,101.898,102.927,102.927,101.518,100.282,102.311,102.799,96.285,93.661,93.693,100.522,97.794,95.904,94.476,94.17,93.578,0
138.0,239.0,0.7692,0.9186,-0.983,0.0,0.0,0.0,0.0,0.0,0.5,1.0,0.5,0.0,0.0,0.0,0.0,0.0,0.0,0.0,0.0,0.0,0.0,0.0,0.0,100.615,101.283,99.216,100.316,102.32,102.974,99.903,101.231,98.734,98.381,101.022,100.139,99.242,101.894,103.0,102.998,1
158.0,306.0,0.8564,-0.3856,-0.6834,0.0,0.0,-0.5,0.5,-0.5,1.0,0.5,-0.5,0.0,0.0,0.0,0.0,0.0,0.0,-0.5,0.5,1.5,-1.5,0.0,0.0,100.896,101.897,101.902,100.037,101.946,101.596,100.186,98.942,100.768,96.095,97.541,95.798,99.385,98.728,102.758,96.035,0
119.0,304.0,0.9291,0.381,-1.048,0.0,0.0,1.5,-1.5,0.0,0.0,0.0,0.0,0.0,0.0,0.0,0.0,0.0,0.0,0.0,0.0,0.5,-0.5,0.0,0.0,100.68,101.695,99.815,101.274,100.116,101.727,98.957,101.525,99.354,99.435,101.997,100.31,100.916,102.992,102.984,102.996,1
128.0,263.0,0.9043,0.4877,-0.9407,0.0,0.0,0.0,0.0,-2.0,2.0,0.5,-0.5,0.0,0.0,0.0,0.0,0.0,0.0,0.0,0.0,0.5,-0.5,0.5,-0.5,100.517,101.532,99.46,100.682,100.198,101.07,98.527,102.447,98.555,98.65,100.604,98.967,100.158,102.764,102.999,103.0,1
116.0,238.0,0.9255,-0.1311,-1.1154,0.0,0.0,-0.5,0.5,0.0,0.0,0.0,0.0,0.0,0.0,0.0,0.0,0.0,0.0,0.0,0.0,0.0,0.0,0.0,0.0,100.352,101.366,99.473,100.978,99.271,101.236,99.733,101.404,97.874,100.514,101.501,100.541,100.968,102.999,102.999,102.998,1
180.0,242.0,0.8985,0.4614,-1.0512,0.0,0.0,0.0,0.0,0.0,0.0,0.0,0.0,0.0,0.0,0.0,0.0,0.5,-0.5,0.0,0.0,-1.0,0.0,1.0,0.5,101.594,102.622,102.594,100.063,101.956,102.968,98.087,98.539,95.969,95.417,98.955,101.14,93.104,92.313,90.72,94.6,0
120.0,284.0,0.9161,-0.1708,-0.6194,0.0,0.0,0.0,0.0,0.0,0.0,0.0,0.0,0.0,0.0,0.0,0.0,0.0,0.0,0.0,0.0,0.5,-0.5,0.0,0.0,100.548,101.567,98.984,101.564,100.243,101.276,99.016,101.654,98.897,99.082,101.329,97.954,100.512,102.585,102.998,103.0,1
156.0,285.0,0.8316,-0.1957,-1.1723,0.0,0.0,0.0,0.0,0.0,0.0,0.0,0.0,-0.5,-0.5,0.0,0.0,0.0,1.0,-0.5,0.5,-0.5,0.5,-1.5,1.5,101.037,102.014,102.016,98.345,101.015,99.623,101.051,95.03,98.741,95.188,97.725,93.6,97.123,95.686,100.026,97.342,0
128.0,266.0,0.8962,-0.1907,-0.9792,0.0,0.0,-0.5,0.5,0.0,0.0,0.0,0.0,0.0,0.0,0.0,0.0,0.0,0.0,0.0,0.0,0.0,0.0,0.0,0.0,100.315,101.273,98.311,100.885,100.335,100.613,99.749,102.464,99.558,98.609,99.93,98.749,100.496,101.797,102.998,102.993,1
139.0,257.0,0.9231,-0.2331,-1.1178,0.0,0.0,0.0,0.0,0.0,0.0,0.0,0.0,0.0,0.0,0.0,0.0,0.0,0.0,0.0,0.0,0.0,0.0,0.0,0.0,101.308,102.333,101.348,101.725,101.969,102.161,100.061,102.683,98.823,99.112,101.201,98.917,99.83,101.84,102.996,103.0,1
181.0,252.0,0.8695,0.6144,-1.4233,0.0,0.0,0.0,0.0,0.0,0.0,0.0,0.0,0.0,0.0,0.0,0.0,0.0,0.0,0.0,0.0,0.0,0.0,0.0,0.0,101.11,102.128,102.12,98.126,101.969,102.995,102.995,95.942,97.314,94.439,102.993,98.867,94.272,93.616,102.992,91.959,0
124.0,267.0,0.7908,0.6465,-1.0893,2.0,-2.0,0.0,0.0,0.0,0.0,0.0,0.0,0.0,0.0,0.0,0.0,-1.0,1.0,0.0,0.0,0.5,-0.5,0.0,0.0,100.75,101.278,98.787,100.719,101.9,101.794,98.934,101.171,99.44,99.534,101.172,100.738,100.036,101.624,102.999,103.0,1
128.0,236.0,0.898,-0.3291,-0.9788,0.0,0.0,0.0,0.0,0.5,-0.5,0.0,0.0,0.0,0.0,0.5,-0.5,0.0,0.0,0.0,0.0,0.0,0.0,0.5,-0.5,100.483,101.499,99.246,101.019,100.693,102.214,99.731,101.7,97.649,100.162,100.836,100.254,99.468,101.992,103.0,102.999,1
177.0,233.0,0.8464,0.7649,-1.0139,0.0,0.0,-0.5,0.5,0.0,0.0,0.0,0.0,0.0,0.0,-0.5,0.5,0.0,0.0,0.0,1.0,0.0,0.0,0.0,0.0,100.787,101.784,98.935,100.22,101.95,100.144,97.917,100.607,93.859,94.928,98.002,102.585,92.299,92.993,91.6,92.984,0
117.0,255.0,0.7467,1.7374,-0.8265,0.0,0.0,0.0,0.0,0.0,0.0,0.0,0.0,0.0,0.0,0.0,0.0,0.0,0.0,0.0,0.0,0.5,-0.5,0.0,0.0,100.85,101.285,98.752,99.581,100.492,99.944,99.49,102.145,99.719,99.103,100.934,98.578,100.491,102.875,102.999,102.997,1
137.0,239.0,0.8903,0.1339,-0.4669,0.0,0.0,0.0,0.0,-0.5,0.5,0.0,0.0,0.0,0.0,0.5,-0.5,0.5,-0.5,0.0,0.0,0.0,0.0,0.0,0.0,101.31,101.686,101.586,102.333,101.099,98.428,101.345,102.597,97.906,97.906,98.872,98.523,99.538,100.515,101.885,102.998,0
143.0,238.0,0.9426,-0.6401,-0.4057,0.0,0.0,0.0,0.0,0.0,0.0,0.0,0.0,0.0,0.0,0.0,0.0,-0.5,0.5,0.5,-0.5,-2.5,2.0,0.0,0.0,101.804,102.832,101.968,102.832,100.498,102.426,97.505,102.07,98.168,97.262,97.368,98.855,99.753,101.316,101.754,102.56,0
135.0,185.0,0.8893,-0.9049,-0.1916,0.0,0.0,0.0,0.0,0.0,0.0,0.0,0.0,0.5,-0.5,0.0,0.0,-0.5,0.5,0.0,0.0,1.0,-0.5,0.0,0.0,101.275,99.952,99.156,101.621,100.057,96.122,100.508,99.776,98.173,95.838,94.877,102.611,96.951,98.393,102.583,103.0,1
144.0,184.0,0.8562,-0.3668,-0.5774,0.0,0.0,-1.5,1.5,-0.5,0.5,0.5,0.0,0.5,-0.5,0.0,0.0,-1.5,2.0,0.0,0.0,0.0,0.0,0.0,0.0,101.276,101.495,99.641,100.599,100.831,97.572,99.349,101.454,98.285,94.254,95.533,99.903,97.952,96.808,101.45,103.0,1
153.0,175.0,0.9178,-0.9637,0.0088,0.0,0.0,0.5,-0.5,0.5,-0.5,0.5,-0.5,0.0,0.0,0.0,0.0,0.0,0.0,1.0,-1.0,0.0,0.0,0.0,0.0,102.218,103.25,103.25,103.25,101.855,98.356,99.908,100.834,98.954,96.688,97.753,102.775,97.198,98.929,102.506,103.049,1
160.0,179.0,0.9332,-0.8396,-0.4274,0.0,0.0,-0.5,0.5,0.5,-0.5,0.0,0.0,0.0,0.0,0.0,0.0,0.5,-0.5,-0.5,0.5,0.0,0.0,0.0,0.0,102.218,103.25,103.25,103.25,101.783,97.486,100.146,102.931,97.492,92.058,97.578,99.798,94.648,97.751,102.568,103.248,1
149.0,221.0,0.9127,-0.4699,-0.1187,0.0,0.0,0.0,0.0,-0.5,0.5,0.0,0.0,1.5,0.0,0.0,0.0,0.0,0.0,0.0,0.0,-0.5,0.5,-0.5,0.5,101.737,102.766,101.888,102.767,101.235,98.269,97.394,102.997,99.624,96.1,94.381,99.543,98.734,97.699,100.908,102.993,0
143.0,244.0,0.9024,-0.4315,-0.4986,0.0,0.0,0.0,0.0,-0.5,0.5,0.0,0.0,0.0,0.0,0.0,0.0,-0.5,0.5,0.5,1.0,-0.5,0.5,0.5,-0.5,101.637,102.661,100.782,102.662,101.254,97.682,95.709,101.894,100.921,98.325,95.303,93.986,99.574,97.831,99.398,102.993,0
150.0,180.0,0.88,-0.9652,-0.6246,0.0,0.0,-0.5,0.5,0.5,0.0,-1.5,1.5,0.0,0.0,0.0,0.0,0.0,0.0,1.0,-1.0,-0.5,0.5,0.0,0.0,101.739,102.766,101.552,102.767,100.995,97.273,99.008,101.35,99.928,95.29,94.286,100.888,96.783,96.318,102.174,103.0,1
144.0,212.0,0.9109,-0.6136,0.371,0.0,0.0,0.5,-0.5,0.0,0.0,0.0,0.0,0.0,0.0,0.0,0.0,-1.0,0.0,-6.5,6.5,0.5,-0.5,-1.0,-1.0,101.767,102.783,101.263,102.794,101.861,94.877,92.652,102.757,95.886,92.95,93.984,98.348,99.381,96.103,97.11,102.967,0
133.0,203.0,0.9072,-0.6672,0.0128,0.5,-0.5,0.5,-0.5,-0.5,0.5,0.0,-0.5,0.0,0.0,0.0,0.0,0.0,0.0,-7.0,7.0,0.0,0.0,0.0,0.0,101.726,102.763,98.852,101.963,99.366,94.63,93.546,100.089,96.793,95.506,94.251,100.508,98.408,96.836,100.638,102.987,0
143.0,148.0,0.8449,-0.361,-0.0598,0.0,0.0,0.5,-0.5,-0.5,-0.5,0.5,-0.5,0.0,0.0,0.0,0.0,0.0,0.0,-0.5,0.5,0.0,0.0,0.0,0.0,101.838,102.017,101.992,102.866,100.775,95.462,100.686,100.7,97.86,93.595,98.662,102.98,96.569,100.123,102.568,102.997,1
155.0,165.0,0.8488,-0.5124,-0.2863,0.0,0.0,0.0,0.0,0.0,0.0,0.0,0.0,0.0,0.0,-0.5,0.5,1.0,-1.0,-0.5,0.5,0.0,0.0,0.0,0.0,101.442,102.083,101.595,102.467,101.451,96.939,100.616,102.121,97.869,95.14,99.562,101.115,98.372,96.999,101.175,103.0,1
151.0,139.0,0.8327,-0.0963,-0.4124,0.0,0.0,0.0,0.0,0.0,0.0,0.5,-0.5,0.0,0.0,0.0,0.0,1.5,-1.5,0.5,-0.5,0.0,0.0,0.0,0.0,101.706,101.874,101.383,102.734,98.802,99.148,100.294,99.763,94.32,91.778,96.616,103.0,91.767,98.076,102.959,102.998,1
162.0,256.0,0.9014,-0.2745,-0.7619,0.0,0.0,0.0,0.0,1.0,-1.0,-0.5,0.5,0.0,0.0,0.0,0.0,0.0,0.0,0.0,1.0,-0.5,0.5,0.5,-0.5,101.273,102.296,100.791,102.294,101.596,99.668,97.239,101.104,100.785,98.546,96.52,94.869,101.24,97.744,99.382,102.936,0
150.0,191.0,0.843,-0.9254,-0.8607,0.0,0.0,-0.5,0.5,-2.0,0.5,0.5,-0.5,0.0,0.0,0.5,-0.5,0.5,-0.5,0.0,0.0,-0.5,0.5,-0.5,0.5,101.507,102.347,98.614,102.534,100.986,98.396,98.769,101.469,99.464,95.934,96.053,97.418,98.3,94.986,101.075,102.986,1
138.0,175.0,0.8601,-0.4531,-0.3789,0.0,0.0,0.0,0.0,0.0,0.0,-0.5,0.5,0.0,0.0,0.5,-0.5,0.0,0.0,0.0,0.0,0.0,0.0,0.0,0.0,101.407,101.647,100.513,102.433,100.56,97.142,101.079,99.991,98.033,95.386,96.646,102.998,97.461,98.949,102.992,103.0,1
139.0,190.0,0.9118,-0.7455,0.4535,0.0,0.0,1.5,0.0,0.0,0.0,0.0,0.0,0.5,-0.5,-0.5,0.5,0.0,0.0,0.5,-0.5,-0.5,0.5,0.0,0.0,101.769,102.21,101.162,102.79,98.58,92.966,99.414,101.684,95.662,94.924,97.087,100.501,98.741,97.078,100.374,102.982,0
156.0,227.0,0.8955,-0.1062,-0.803,0.0,0.0,0.5,0.5,0.0,0.0,0.0,0.0,0.0,0.0,1.0,-1.0,0.0,0.0,0.0,0.0,0.0,0.0,-0.5,0.5,101.006,101.666,100.553,102.028,100.364,97.777,97.212,102.025,98.736,96.573,97.116,96.276,99.988,98.506,98.397,101.094,0
137.0,123.0,0.9151,-0.379,2.843,-0.5,0.5,0.0,0.0,-0.5,0.5,0.0,0.0,0.0,0.0,0.0,0.0,-0.5,-0.5,0.5,-0.5,0.0,0.0,0.0,0.0,102.168,103.148,103.2,103.2,99.31,98.555,101.434,100.526,94.711,94.751,101.925,103.0,96.662,102.153,103.0,102.999,1
135.0,185.0,0.9207,-0.5589,0.9854,0.5,-0.5,-0.5,0.0,-0.5,0.5,0.0,0.0,0.0,0.0,0.0,0.0,0.5,-0.5,-0.5,0.5,-0.5,0.5,0.0,0.0,101.969,102.656,102.373,102.997,98.372,93.427,95.277,101.23,94.354,94.393,96.271,101.669,98.941,97.323,101.27,102.994,0
156.0,167.0,0.8612,-1.1428,-0.4969,0.0,0.0,1.5,-1.5,-1.0,-0.5,0.0,0.0,0.0,0.0,-1.0,1.0,0.5,-0.5,0.0,0.0,2.5,-2.5,0.0,0.0,101.507,102.146,100.749,102.533,101.011,95.909,100.139,100.712,99.354,95.41,96.169,101.573,98.458,96.745,101.853,103.0,1
153.0,212.0,0.8805,-0.2694,-0.8343,0.0,0.0,0.0,0.0,0.5,0.5,0.5,-0.5,0.5,-0.5,1.0,-1.0,-2.0,2.0,1.5,-1.5,-0.5,0.5,0.5,0.5,101.37,101.185,101.379,102.396,96.846,98.151,98.809,100.375,91.313,98.332,91.524,89.29,95.327,97.829,97.978,100.204,0
151.0,165.0,0.9227,-0.3781,-0.1728,0.0,0.0,0.0,0.0,0.0,0.0,0.5,-0.5,-1.0,1.0,0.0,0.0,0.5,-0.5,0.0,0.0,0.0,0.0,0.0,0.0,102.166,103.197,103.198,103.2,98.758,100.274,102.037,98.475,92.052,90.742,97.61,102.993,100.861,95.626,102.883,102.996,1
143.0,181.0,0.8872,-0.5812,0.1985,0.0,0.0,-0.5,0.5,0.0,0.0,0.0,0.0,0.0,0.0,-1.0,1.0,0.0,0.0,-1.0,1.0,1.0,-0.5,0.0,0.0,100.09,100.754,100.95,102.424,95.252,97.59,102.931,97.812,92.142,89.118,90.093,102.386,98.92,97.825,99.687,102.993,0
157.0,185.0,0.8867,-0.6053,0.2918,0.0,0.0,0.0,0.0,0.0,0.0,0.0,0.0,0.5,-0.5,0.0,0.5,0.0,0.0,0.0,1.0,0.5,-0.5,0.0,0.0,101.395,100.217,100.631,102.422,94.572,98.831,102.912,101.269,90.489,90.838,91.559,99.651,96.433,94.451,95.077,102.982,0
163.0,181.0,0.8679,-0.6422,-0.4473,-0.5,0.5,-0.5,0.5,0.0,0.0,0.5,-0.5,0.5,-0.5,0.5,0.0,-1.5,1.5,-1.0,1.0,-0.5,0.5,0.0,0.0,101.078,102.099,102.1,102.098,97.689,100.052,102.998,98.037,93.587,96.287,92.967,102.284,97.984,95.775,98.653,102.998,1
145.0,233.0,0.7621,-0.2255,-0.7723,0.0,0.0,0.0,0.0,-0.5,0.5,1.0,-1.0,0.0,0.0,0.0,0.0,1.0,-1.0,0.0,0.0,-0.5,-0.5,0.0,0.0,100.648,101.477,100.129,97.951,99.191,97.12,96.49,97.918,96.844,94.249,93.46,96.668,102.255,102.684,98.537,99.544,0
175.0,175.0,0.8786,-0.3999,-0.5006,0.0,0.0,0.0,0.0,0.0,0.0,0.0,0.0,0.5,-0.5,0.0,0.0,0.0,0.0,0.0,0.0,0.0,0.0,0.0,0.0,101.209,102.223,102.231,102.232,100.22,101.498,102.998,99.46,94.82,96.279,97.37,100.942,94.681,94.303,97.001,102.998,1
161.0,205.0,0.9055,-0.3706,-0.8577,-0.5,0.5,0.0,0.0,0.0,0.0,0.0,0.0,0.0,0.0,0.0,0.0,-0.5,0.5,0.0,0.0,0.0,0.0,-0.5,0.5,101.765,102.706,102.142,102.798,97.801,100.143,102.421,102.867,93.417,96.679,93.992,96.556,97.597,100.091,96.168,99.48,0
118.0,191.0,0.8068,0.0528,-0.3548,-0.5,0.5,0.0,0.0,1.0,-1.0,0.0,0.0,0.0,0.0,0.0,0.0,-0.5,0.5,0.0,0.0,0.0,0.0,0.0,0.0,98.721,99.278,98.228,100.739,90.395,94.238,94.318,98.905,94.841,101.549,96.174,102.972,101.954,99.751,99.07,102.984,0
170.0,187.0,0.8784,-0.6601,-0.5445,0.0,0.0,0.5,0.5,0.0,0.0,0.0,0.0,0.0,0.0,0.0,0.0,0.5,-0.5,0.5,0.5,0.5,-0.5,0.0,0.0,101.378,102.332,102.333,102.332,96.095,100.138,102.159,98.237,93.177,98.307,96.292,101.168,95.32,91.891,86.154,102.727,1
156.0,185.0,0.815,-0.2866,-0.3208,1.0,-1.0,0.0,0.0,0.0,0.0,0.0,0.0,0.0,0.0,-0.5,0.5,0.0,0.5,0.0,0.0,0.0,0.0,0.0,0.0,100.485,101.499,101.499,100.545,99.172,100.106,101.353,98.343,93.551,95.553,95.466,103.0,98.428,95.905,99.526,102.999,1
168.0,159.0,0.8881,-0.6893,-0.5096,0.5,-0.5,0.0,0.0,0.0,0.0,0.0,0.0,0.0,0.0,0.0,0.0,-3.5,3.5,0.5,-0.5,-0.5,-0.5,0.0,0.0,101.507,102.532,102.533,102.531,96.594,100.328,102.858,98.277,93.013,95.05,94.959,102.903,95.988,96.162,98.817,103.0,1
149.0,225.0,0.5405,-0.4941,-1.1608,0.0,0.0,-0.5,0.5,0.0,0.0,0.5,-0.5,0.0,0.0,0.0,0.0,0.5,0.5,0.0,0.0,0.0,0.0,0.0,0.0,102.204,99.499,100.793,101.938,103.939,94.746,96.14,97.296,103.939,93.073,85.478,94.578,103.94,97.859,95.101,102.594,1
172.0,166.0,0.8058,-0.6446,-0.5388,-0.5,0.5,0.0,0.0,0.0,0.0,0.0,0.0,0.0,0.0,-0.5,0.5,1.0,0.5,1.0,-1.0,0.0,0.0,0.0,0.0,100.539,101.325,100.286,101.332,96.953,99.727,100.314,97.674,94.296,93.824,89.264,102.999,96.152,95.095,99.602,102.997,1
155.0,154.0,0.8601,-0.4916,-0.2219,-1.0,1.0,0.0,0.0,0.0,0.0,0.0,0.0,0.0,0.0,0.0,0.0,1.0,0.0,0.0,0.0,0.0,0.0,0.0,0.0,101.112,102.132,102.132,102.132,97.66,99.698,102.042,97.355,92.287,92.533,96.896,102.997,98.113,97.779,101.751,102.997,1
143.0,230.0,0.8306,-0.0185,-1.1572,0.0,0.0,-1.0,1.0,0.0,0.0,0.0,0.0,0.0,0.0,-0.5,0.5,0.5,-0.5,1.0,-1.0,0.5,-0.5,0.0,0.0,100.524,98.597,101.358,98.645,99.131,98.174,98.572,100.059,95.422,92.842,99.068,96.266,101.991,101.069,99.855,97.801,0
164.0,199.0,0.9167,-0.4595,-0.4928,0.0,0.0,0.0,0.0,-2.0,2.0,0.0,0.0,0.0,0.0,0.5,-0.5,0.0,0.0,0.0,0.0,0.5,-0.5,-1.0,0.0,101.766,102.796,102.797,102.796,98.373,100.0,102.235,102.989,92.93,96.307,91.674,96.759,97.038,97.554,93.962,102.988,0
126.0,241.0,0.69,0.3131,-1.222,0.0,0.0,-0.5,0.5,0.0,0.0,-0.5,0.5,0.0,0.0,0.0,0.0,-1.0,1.0,0.5,-0.5,-1.0,0.5,-0.5,0.5,101.921,100.945,99.952,100.519,102.777,95.531,98.218,96.701,99.743,94.093,101.383,101.735,103.463,102.984,101.429,99.432,0
166.0,168.0,0.847,-0.2431,-0.2844,0.5,0.5,0.0,0.0,0.0,0.0,0.5,-0.5,0.5,-0.5,0.0,0.5,0.0,0.0,0.5,-0.5,0.0,0.0,0.0,0.0,100.909,101.925,101.931,101.93,98.33,100.308,102.889,98.688,94.75,94.324,94.182,102.631,98.046,97.145,97.785,102.995,1
149.0,191.0,0.8453,-0.3585,-0.7426,-0.5,0.5,1.0,-1.0,0.0,0.0,0.5,-0.5,-0.5,0.5,-1.5,1.5,0.0,0.0,0.5,-0.5,-0.5,0.5,-1.0,0.0,96.945,99.937,100.992,101.927,91.353,95.919,96.084,100.683,87.991,99.197,91.277,91.421,100.665,96.564,99.007,100.466,0
158.0,159.0,0.9388,-0.6193,-0.389,0.5,-0.5,0.0,0.0,0.0,0.0,0.0,0.0,0.0,0.0,-3.0,3.0,0.5,-0.5,0.5,-0.5,-0.5,0.5,0.0,0.0,102.218,103.25,103.25,103.25,99.927,101.636,103.18,101.269,94.058,95.472,99.007,101.194,101.366,96.315,103.046,103.178,1
177.0,161.0,0.8518,-0.3122,-0.5783,0.0,0.0,0.0,0.0,0.0,0.0,0.0,0.0,0.0,0.0,0.5,-0.5,0.0,1.0,0.0,0.0,0.0,0.0,0.0,0.0,100.911,101.929,101.929,101.933,100.368,101.813,102.995,98.954,94.603,96.72,98.083,102.007,93.747,95.928,97.007,102.999,1
146.0,177.0,0.9146,-0.7473,0.3658,0.0,0.0,0.5,-0.5,0.0,0.0,0.0,0.0,0.0,0.0,0.0,0.0,-0.5,0.5,0.5,-0.5,0.0,0.0,0.0,0.0,101.809,101.35,102.262,102.9,94.91,98.856,102.058,100.707,91.737,92.364,93.917,100.856,98.961,98.465,99.504,102.996,0
151.0,186.0,0.9081,-0.7453,0.1431,-0.5,0.5,0.0,0.0,0.0,0.0,0.0,0.0,0.0,0.0,0.0,1.0,0.5,-0.5,1.0,-1.0,-0.5,0.5,0.0,0.0,101.733,101.876,101.422,102.764,94.956,98.656,102.089,100.078,91.051,92.441,90.548,101.061,99.702,95.417,99.984,102.99,0
151.0,199.0,0.8955,0.2739,-0.4261,0.0,0.0,1.0,-0.5,0.0,0.0,0.0,0.0,0.0,0.0,1.0,-1.0,0.5,-0.5,1.0,0.0,0.0,0.0,-0.5,0.5,101.537,100.589,102.553,102.563,101.092,92.758,100.702,102.264,95.302,88.868,94.048,96.169,95.18,97.365,99.816,102.996,0
137.0,223.0,0.9299,-0.3302,-0.0366,0.0,0.0,0.0,0.0,0.0,0.0,0.5,-0.5,-0.5,0.5,0.0,0.0,2.0,-0.5,-1.0,0.0,0.5,0.0,0.0,0.0,102.167,103.199,103.158,103.199,101.964,97.122,90.676,96.97,100.994,81.102,88.984,99.39,95.903,97.812,102.305,102.994,0
139.0,280.0,0.9228,2.5491,-0.8461,0.0,0.0,0.0,0.0,-0.5,0.5,-0.5,0.5,0.0,0.0,0.0,0.0,1.0,-1.0,1.0,-1.0,-1.0,1.0,0.0,0.0,101.919,102.671,103.032,103.032,100.831,99.567,100.577,100.023,97.356,96.469,97.279,96.367,99.691,100.857,102.449,102.992,0
146.0,201.0,0.8985,0.0378,-0.33,0.0,0.0,0.0,0.0,0.0,0.0,-0.5,0.5,0.0,0.0,0.0,0.5,0.0,0.0,-1.5,1.5,-0.5,0.5,-0.5,0.5,101.572,102.319,101.634,102.6,101.959,92.169,100.552,98.356,98.087,85.221,91.554,96.132,96.469,95.153,101.622,102.998,1
142.0,238.0,0.8903,0.153,-0.3469,0.0,0.0,0.5,-0.5,0.0,0.0,1.5,-0.5,0.5,-0.5,0.0,0.0,0.0,0.0,1.5,-0.5,-0.5,0.5,-0.5,0.5,101.441,102.463,101.091,102.466,101.961,96.644,95.05,101.164,101.652,89.52,90.699,94.554,98.575,92.675,100.772,102.997,1
159.0,174.0,0.9053,0.3448,-0.1064,0.0,0.0,-0.5,0.0,0.0,0.0,0.0,0.0,0.0,0.0,0.5,-0.5,0.5,-0.5,1.5,-1.5,1.0,-1.0,0.0,0.0,101.672,100.905,102.7,102.7,100.369,91.918,101.986,102.602,93.242,88.076,96.101,95.46,90.041,96.76,99.706,101.031,0
159.0,263.0,0.9005,2.178,-1.2669,0.0,0.0,0.0,0.0,0.0,0.0,0.0,0.0,0.0,0.0,0.5,0.0,0.0,0.0,1.0,-1.0,-0.5,0.5,-1.0,1.0,101.605,102.01,101.675,102.631,101.682,97.69,100.84,102.681,97.279,95.082,94.894,94.473,99.903,97.542,98.71,100.196,0
152.0,260.0,0.9241,0.2113,-0.1584,0.0,0.0,0.0,0.0,0.0,0.0,0.0,0.0,0.5,-0.5,0.0,0.0,0.0,0.0,-0.5,0.5,0.5,-0.5,0.0,0.0,102.035,103.066,102.719,103.03,101.97,102.261,95.67,102.872,101.966,96.302,87.052,94.13,99.389,98.757,100.022,102.997,1
138.0,213.0,0.9414,-0.4319,0.1655,0.0,0.0,0.0,0.0,-1.0,0.5,-0.5,0.5,-0.5,0.5,0.0,0.0,-0.5,0.5,-1.0,1.0,-0.5,0.5,0.0,0.0,102.218,103.25,103.25,103.25,102.097,96.972,92.56,94.874,100.333,81.325,88.677,99.97,95.787,98.023,103.124,103.141,0
141.0,205.0,0.9118,-0.5309,-0.1505,0.0,0.0,-0.5,0.0,-1.5,2.5,1.0,-1.0,0.0,0.0,0.5,-0.5,0.5,-0.5,0.0,0.0,0.5,-0.5,-0.5,0.5,101.803,102.832,102.828,102.827,101.97,94.429,93.887,97.25,96.744,83.998,94.341,99.761,94.11,95.34,102.992,102.995,0
153.0,220.0,0.8829,0.1559,-0.7356,0.0,0.0,0.0,0.0,-0.5,0.5,0.0,0.0,0.0,0.0,0.0,0.0,0.5,-0.5,0.5,-0.5,0.0,0.0,-1.0,1.0,101.471,101.159,102.301,102.496,101.943,95.677,97.071,102.947,97.571,90.321,92.146,93.701,97.115,95.625,98.171,101.005,0
114.0,269.0,0.845,3.5412,-1.2977,-1.0,1.0,0.0,0.0,0.0,0.0,0.0,0.0,1.0,-1.0,0.0,0.0,0.0,0.0,0.0,0.0,0.0,0.0,-1.0,1.0,100.679,99.559,100.76,101.828,99.475,99.248,96.362,99.082,96.038,97.507,100.279,100.552,100.809,102.403,102.146,101.468,0
136.0,267.0,0.9443,1.3228,-0.7755,0.0,0.0,0.0,0.0,0.0,0.0,0.0,0.0,0.0,0.0,0.0,0.0,0.0,0.0,0.0,0.0,-0.5,0.5,-0.5,0.5,102.218,103.25,103.25,103.25,101.69,97.939,100.664,101.2,98.653,98.474,98.411,99.346,99.669,99.198,102.51,103.061,0
135.0,210.0,0.9146,0.6332,0.4764,0.0,0.0,0.5,0.0,1.5,-1.5,0.0,0.0,1.5,0.0,0.0,0.0,0.0,0.0,0.0,0.0,1.0,-1.0,0.0,0.0,101.87,102.9,102.237,102.9,101.969,95.419,97.087,97.91,100.682,87.323,91.468,99.678,97.72,97.615,102.812,103.0,1
142.0,216.0,0.8914,0.1262,-0.3568,0.0,0.0,-0.5,0.0,1.0,-1.0,0.0,0.0,0.0,0.0,0.0,0.0,-1.0,1.5,1.0,-1.0,-1.5,0.0,0.0,0.0,101.472,101.229,101.612,102.493,101.96,94.081,98.064,102.421,98.2,89.212,91.963,95.746,98.331,97.639,101.541,103.0,0
132.0,251.0,0.8883,0.9087,-0.2769,0.0,0.0,0.0,0.0,0.0,0.0,0.0,0.0,0.0,0.0,0.0,0.0,0.5,-0.5,-1.0,0.0,2.0,-2.0,-0.5,0.5,101.407,102.433,100.881,102.433,101.967,99.786,93.663,98.55,101.941,91.525,91.494,97.045,100.215,95.112,102.233,103.0,1
139.0,259.0,0.8934,0.1092,-0.3695,0.0,0.0,0.0,0.0,-1.5,1.0,0.0,0.0,1.0,0.5,0.0,0.0,0.5,-0.5,2.0,-2.0,-2.5,2.5,0.0,0.0,101.474,102.495,100.925,102.498,101.97,101.304,91.725,98.986,101.969,94.531,88.047,95.704,100.385,94.737,100.963,102.998,1
142.0,187.0,0.9066,-0.3029,-0.2764,0.0,0.0,0.5,-0.5,0.0,0.0,0.0,0.0,0.0,0.0,1.0,-1.0,0.0,0.0,0.0,0.0,0.0,0.0,-0.5,0.5,101.804,102.02,102.641,102.832,100.837,92.074,102.13,95.734,95.271,88.832,94.714,97.855,93.001,95.92,102.212,102.999,1
131.0,246.0,0.873,0.8713,-0.0142,0.0,0.0,0.0,0.0,1.0,-1.0,0.0,0.5,-0.5,-1.0,0.0,0.0,0.5,-0.5,0.5,-0.5,1.0,-1.0,0.0,0.0,101.175,102.197,100.345,102.187,101.96,100.967,88.025,98.193,101.935,92.868,92.333,98.445,100.322,95.631,102.21,103.0,1
145.0,194.0,0.9421,-0.5068,0.2129,0.0,0.0,0.5,-0.5,0.0,0.0,0.0,0.0,0.5,0.5,0.0,0.0,2.0,-1.0,1.5,-1.5,-0.5,0.5,0.5,-0.5,102.218,103.25,103.25,103.25,102.163,94.521,99.329,98.523,96.472,84.676,92.656,99.222,96.034,96.859,103.046,103.211,0
155.0,153.0,0.9307,-0.0352,1.2426,0.0,0.0,-1.0,1.0,0.0,0.0,0.0,0.0,0.0,0.0,0.0,0.0,0.5,-0.5,0.0,0.0,1.0,-1.0,0.0,0.0,102.166,103.169,103.2,103.2,99.099,96.063,102.637,102.987,93.585,91.151,95.442,98.88,92.164,99.962,101.668,102.998,0
133.0,214.0,0.8903,0.4292,0.408,0.0,0.0,0.0,0.0,0.0,0.0,0.0,0.0,1.0,0.0,0.0,0.0,1.0,-0.5,1.0,-1.0,0.5,0.0,-0.5,0.5,101.441,102.208,101.076,102.318,101.97,94.918,94.944,98.96,101.767,89.017,92.059,99.992,99.17,95.835,102.861,102.994,1
124.0,257.0,0.8851,1.3004,-0.195,0.0,0.0,0.0,0.0,0.5,-0.5,0.5,-0.5,1.5,-1.5,0.0,0.0,0.5,-0.5,-1.5,1.5,-0.5,0.5,0.0,0.0,101.376,102.4,100.104,102.399,101.965,99.983,90.234,96.675,101.94,92.042,92.777,97.887,100.115,95.98,102.346,102.992,1
155.0,254.0,0.9136,0.8064,-1.0646,0.0,0.0,0.0,0.0,0.0,0.0,0.0,0.0,0.0,0.0,0.0,0.0,0.5,-0.5,0.5,-0.5,0.0,0.0,-0.5,0.5,101.832,101.99,102.826,102.846,101.949,97.85,99.303,102.377,100.521,90.408,94.406,93.124,96.453,97.216,99.574,100.017,0
140.0,228.0,0.9109,-0.4998,-0.465,0.0,0.0,0.0,0.0,-1.5,1.5,0.0,0.0,-1.0,1.0,0.0,0.0,-0.5,0.5,-1.0,1.0,0.0,0.0,-0.5,-0.5,101.801,102.811,101.676,102.82,101.969,95.954,95.165,100.334,101.813,88.267,91.507,98.904,95.756,94.106,103.0,103.0,1
114.0,279.0,0.9311,-0.5681,-1.4338,0.0,0.0,0.0,0.0,0.0,0.0,0.5,-0.5,1.0,-1.0,-2.0,3.0,-0.5,0.5,0.5,-0.5,-0.5,0.5,0.0,0.0,99.947,98.082,100.013,99.894,100.402,96.358,99.299,99.851,94.254,96.488,95.023,100.31,99.016,101.471,102.98,102.942,0
163.0,209.0,0.9025,1.682,-1.2477,0.0,0.0,0.0,0.0,0.0,0.0,0.0,0.0,0.0,0.0,-0.5,0.5,0.0,0.0,-0.5,0.5,-0.5,0.5,0.5,-0.5,101.771,102.158,102.795,102.8,101.681,97.47,100.832,102.756,96.355,94.691,91.992,93.468,96.469,97.459,99.93,100.823,0
136.0,249.0,0.8808,0.6616,-0.073,0.0,0.0,0.0,0.0,0.5,-0.5,0.0,0.0,-1.0,1.0,0.0,0.0,0.5,-0.5,1.5,-1.5,-1.0,1.0,0.5,-0.5,101.275,102.295,100.49,102.298,101.968,100.646,91.349,100.172,101.727,92.118,89.197,96.24,100.613,93.246,100.863,102.999,1
125.0,333.0,0.9291,1.3374,-0.9028,0.0,0.0,0.0,0.0,0.0,0.0,0.0,0.0,-0.5,0.5,0.0,0.0,0.0,0.0,0.5,-0.5,0.0,0.0,0.0,0.0,102.135,103.167,103.167,103.165,101.968,102.303,101.525,101.456,101.911,98.732,97.06,99.139,98.991,100.999,102.263,102.998,1
150.0,169.0,0.8851,-0.4553,-0.7056,0.0,0.0,0.0,0.0,0.0,0.0,0.0,0.0,0.0,0.0,0.0,0.0,0.0,0.5,0.0,-1.0,-1.0,1.0,0.0,0.0,101.338,102.36,102.365,101.313,101.966,102.058,100.288,98.95,97.67,97.107,98.726,99.212,96.862,99.701,101.874,102.998,0
128.0,280.0,0.8945,0.5473,-0.8006,0.0,0.0,0.0,0.0,0.0,0.0,0.0,0.0,0.0,0.0,0.0,0.0,0.0,0.0,0.0,0.0,0.5,-0.5,0.0,0.0,101.506,102.531,102.533,101.876,101.969,102.994,102.761,99.883,101.45,99.335,99.622,100.195,98.42,100.004,102.233,102.999,1
129.0,327.0,0.9198,0.8332,0.0199,0.0,0.0,0.0,0.0,0.0,0.0,0.0,0.0,-0.5,0.5,0.0,0.0,0.0,0.0,0.0,0.0,0.5,-0.5,0.5,-0.5,101.968,102.996,102.997,102.724,101.969,102.99,102.968,99.792,101.476,98.356,98.891,99.131,98.921,100.354,102.731,103.0,1
151.0,301.0,0.8601,0.7565,-0.6886,0.0,0.0,0.0,0.0,0.0,0.0,0.0,0.0,0.0,0.0,0.0,0.0,-0.5,0.5,0.5,-0.5,-0.5,0.5,-0.5,0.5,100.979,102.0,101.999,101.998,101.968,102.999,102.997,101.397,101.966,100.655,98.409,97.989,100.739,98.404,99.826,102.584,1
134.0,315.0,0.8399,0.7341,-0.7472,0.0,0.0,0.0,0.0,0.0,0.0,0.0,0.0,0.5,0.5,0.0,0.0,0.0,0.0,-0.5,0.5,0.0,0.0,-0.5,-0.5,100.748,101.764,101.761,101.759,101.969,103.0,100.894,101.603,101.959,99.482,93.829,95.497,100.158,97.278,100.215,102.994,1
152.0,224.0,0.9216,-0.7174,-1.0051,0.0,0.0,0.0,0.0,0.0,0.0,0.5,0.0,-0.5,0.5,0.0,0.0,0.0,-1.0,0.0,0.0,0.5,-0.5,-0.5,0.5,102.101,103.133,103.132,103.133,101.967,101.169,99.986,99.513,98.912,98.255,95.159,96.619,96.613,99.548,100.85,102.988,0
166.0,227.0,0.8862,-0.3585,-1.3646,0.0,0.0,0.0,0.0,0.0,0.0,-0.5,0.5,0.0,0.0,1.5,0.0,0.0,0.0,-3.5,3.5,0.0,0.0,-0.5,0.5,101.407,102.431,102.432,100.959,101.026,101.672,102.994,98.454,95.126,100.766,95.611,95.789,95.19,98.133,97.983,101.482,0
126.0,294.0,0.9034,0.6866,-0.6934,0.0,0.0,0.0,0.0,0.0,0.0,0.5,-0.5,-0.5,-0.5,0.0,0.0,0.0,0.5,-1.0,1.0,0.0,0.0,0.0,0.0,101.673,102.7,102.7,102.695,101.97,102.574,101.042,98.938,101.391,99.667,98.081,100.534,98.951,100.309,102.811,102.998,1
144.0,248.0,0.7596,0.1158,-0.9133,0.0,0.0,0.0,0.0,0.0,0.0,-0.5,1.0,-0.5,0.5,0.0,0.0,0.0,0.0,0.5,-0.5,0.0,0.0,0.0,0.0,100.712,101.283,101.279,96.097,101.96,102.243,100.15,92.213,99.525,98.448,93.999,99.898,100.498,98.628,100.045,102.991,0
173.0,233.0,0.9003,-0.4284,-1.2976,0.0,0.0,0.0,0.0,0.0,0.0,0.5,-0.5,0.5,-0.5,0.0,0.0,0.0,0.0,-0.5,1.5,0.0,0.0,-1.0,0.5,101.768,102.798,102.799,102.138,101.961,102.996,102.431,98.731,97.249,101.607,95.135,98.456,95.319,96.711,97.684,98.864,0
145.0,246.0,0.7266,0.0637,-0.9364,0.0,0.0,0.0,0.0,0.5,-0.5,1.0,-1.0,0.0,0.0,0.0,0.0,0.5,-0.5,0.0,0.0,0.0,0.0,0.0,0.0,100.791,101.281,101.282,97.041,100.875,102.241,100.737,95.348,98.291,98.46,97.761,94.588,100.864,97.658,96.823,102.942,0
133.0,331.0,0.8975,0.29,-0.9439,0.0,0.0,0.0,0.0,0.0,0.0,0.0,0.0,0.0,0.0,0.0,0.0,0.0,0.0,0.0,0.0,0.0,0.0,-1.0,1.0,101.539,102.564,102.566,102.567,101.97,102.999,102.431,102.488,101.809,100.028,97.422,99.874,99.184,99.544,102.059,103.0,1
165.0,239.0,0.8736,-0.422,-1.2481,0.0,0.0,0.0,0.0,0.0,0.0,0.0,0.0,1.0,-1.0,0.0,0.0,0.0,0.0,0.5,-0.5,0.0,0.0,-2.0,2.5,101.207,102.23,102.229,102.233,101.763,100.496,101.912,101.527,96.222,99.504,90.216,96.454,97.574,98.883,97.247,100.063,0
149.0,281.0,0.9024,0.4722,-1.1184,0.0,0.0,0.0,0.0,0.0,0.0,1.0,0.5,0.0,0.0,0.0,0.0,0.0,0.0,0.5,-0.5,1.0,-1.0,0.0,0.0,101.638,102.665,102.662,102.664,101.968,102.849,102.994,99.971,101.166,98.986,98.569,98.689,99.636,99.649,101.742,102.998,1
136.0,310.0,0.8829,0.8395,-1.0075,0.0,0.0,0.0,0.0,0.0,0.0,0.0,0.0,-0.5,0.5,0.0,0.0,0.5,-0.5,0.0,0.0,0.5,-0.5,0.5,0.5,101.31,102.332,102.333,102.331,101.97,102.998,101.227,102.089,101.971,99.617,97.244,97.425,99.927,98.196,100.852,102.971,1
112.0,307.0,0.8277,1.0606,0.6353,0.0,0.0,0.0,0.0,0.0,0.0,-0.5,0.5,-0.5,1.0,0.0,0.0,0.0,0.0,0.0,0.0,0.0,0.0,0.0,0.0,100.583,101.599,101.597,99.41,101.201,102.158,100.535,95.142,99.535,99.578,97.814,99.589,99.805,101.242,100.013,102.995,0