CenterX,CenterY,Eccentricity,KurtosisX,KurtosisY,GrdGrid1_x,GrdGrid1_y,GrdGrid2_x,GrdGrid2_y,GrdGrid3_x,GrdGrid3_y,GrdGrid4_x,GrdGrid4_y,GrdGrid1_5,GrdGrid5_y,GrdGrid6_x,GrdGrid6_y,GrdGrid7_x,GrdGrid7_y,GrdGrid8_x,GrdGrid8_y,PressGrid1,PressGrid2,PressGrid3,PressGrid4,PressGrid5,PressGrid6,PressGrid7,PressGrid8,PressGrid9,PressGrid10,PressGrid11,PressGrid12,PressGrid13,PressGrid14,PressGrid15,PressGrid16,Label
139.0,244.0,0.6514,0.4853,-0.354,0.0,0.0,3.0,-3.0,0.5,-0.5,-0.5,0.5,0.0,0.0,0.0,0.0,0.5,-0.5,0.5,-0.5,102.218,101.915,102.131,102.556,103.95,96.195,99.156,98.097,103.95,99.808,87.858,96.875,103.95,102.729,97.805,103.07,4
150.0,227.0,0.7145,0.3991,-0.2694,0.0,0.0,-1.0,1.5,0.0,0.0,0.0,0.0,0.0,0.0,1.0,-0.5,-2.5,3.5,1.5,-1.5,102.218,102.487,102.829,102.854,103.95,94.002,102.068,102.822,103.95,94.484,91.592,94.97,103.95,99.836,101.686,103.108,4
138.0,234.0,0.7488,0.547,-0.4077,0.0,0.0,0.5,0.5,0.5,0.5,0.0,0.0,0.0,0.0,0.0,0.0,2.0,-3.0,0.0,0.0,102.218,103.25,103.25,103.25,103.95,96.215,99.998,100.419,103.95,97.197,90.489,98.38,103.95,103.329,97.38,103.341,4
140.0,228.0,0.8708,-0.2414,-0.6067,0.0,0.0,0.0,0.5,0.0,0.0,0.0,0.0,0.0,0.0,0.0,0.0,0.0,0.0,-1.0,1.0,102.218,103.25,103.25,103.25,103.812,94.645,102.735,99.331,103.9,93.162,91.654,96.419,103.911,98.102,102.621,103.477,4
129.0,231.0,0.6,0.4367,-0.4274,0.0,0.0,0.0,0.0,0.5,-0.5,1.0,0.0,0.0,0.0,0.0,0.0,2.0,-2.0,-1.5,0.5,102.218,100.795,101.548,102.275,103.95,93.125,97.108,98.323,103.95,98.139,89.707,100.389,103.95,100.964,98.894,103.089,4
137.0,235.0,0.7225,-0.013,-0.0964,0.0,0.0,4.0,-4.0,1.0,-1.0,1.0,-1.5,0.0,0.0,0.0,0.0,0.0,0.0,0.0,0.0,102.218,103.25,103.25,103.25,103.95,94.119,99.389,97.759,103.95,99.574,84.844,100.794,103.95,102.645,97.146,103.547,4
136.0,233.0,0.7027,0.5551,-0.4539,0.0,0.0,-1.0,1.0,0.0,0.0,0.0,0.0,0.0,0.0,0.0,0.0,2.0,-2.0,-0.5,0.5,102.218,103.157,103.131,103.125,103.95,97.271,100.645,98.438,103.95,96.999,90.86,101.421,103.95,101.634,99.788,103.409,4
138.0,228.0,0.607,-0.0149,-0.1801,0.0,0.0,1.5,-1.5,0.0,0.0,0.0,0.0,0.0,0.0,0.0,0.0,-0.5,0.5,-0.5,0.5,102.218,101.914,102.53,102.764,103.95,90.913,101.22,99.663,103.95,95.816,86.608,97.964,103.95,100.743,98.407,103.246,4
137.0,239.0,0.5759,-0.1395,-0.0572,0.0,0.0,-3.0,3.0,-0.5,0.5,0.0,0.0,0.0,0.0,0.0,0.0,-13.0,11.5,2.0,-2.0,102.218,102.354,101.867,102.699,103.95,96.12,97.806,98.283,103.95,102.225,87.729,97.737,103.95,101.737,96.824,103.307,4
136.0,229.0,0.8614,0.2907,-0.9807,0.0,0.0,0.5,-0.5,0.0,0.0,-0.5,1.5,0.0,0.0,-8.0,8.0,-0.5,0.5,-2.0,1.0,102.087,102.342,102.924,102.93,99.644,95.76,100.646,99.328,103.081,84.612,94.863,95.091,103.122,95.283,101.969,102.718,4
140.0,230.0,0.8145,0.5402,-0.1708,0.0,0.0,0.0,1.0,0.5,-0.5,0.0,0.0,0.0,0.0,0.0,0.0,-0.5,0.5,0.5,-0.5,102.218,103.25,103.25,103.25,103.95,96.222,100.811,98.809,103.95,94.454,90.785,97.199,103.95,101.462,98.44,103.088,4
122.0,235.0,0.7182,0.2696,-0.626,0.0,0.0,1.0,-0.5,-0.5,0.5,-0.5,0.5,0.0,0.0,0.0,0.0,0.0,0.0,-0.5,0.5,101.943,99.336,102.567,101.53,103.715,92.228,97.069,96.195,103.81,96.529,94.429,100.22,103.814,101.368,97.935,102.948,4
142.0,233.0,0.5218,-0.4586,-0.2215,0.0,0.0,0.0,0.0,2.0,-1.0,-1.0,1.0,0.0,0.0,0.0,0.0,0.5,-2.0,0.5,0.5,102.218,102.132,102.617,102.835,103.95,93.023,101.758,98.768,103.95,98.435,88.189,100.179,103.95,100.858,95.331,103.487,4
131.0,239.0,0.2955,1.0436,-0.5173,0.0,0.0,0.0,0.0,-2.0,1.5,0.0,1.0,0.0,0.0,0.0,0.0,-1.0,0.0,0.0,-1.0,102.218,101.664,102.013,102.83,103.95,94.672,95.961,98.533,103.95,101.606,87.766,99.712,103.95,103.567,98.81,103.703,4
132.0,223.0,0.7326,0.0983,0.0648,0.0,0.0,0.0,0.5,0.0,0.0,0.0,0.0,0.0,0.0,0.0,0.0,0.0,0.0,0.5,-0.5,102.171,102.074,102.633,102.573,103.412,93.81,99.394,97.327,103.8,96.081,90.563,101.969,103.8,99.571,101.155,103.0,4
128.0,243.0,0.6072,0.5434,-0.5283,0.0,0.0,0.0,0.0,-1.5,1.5,-0.5,0.5,0.0,0.0,0.0,0.0,5.5,-5.0,0.5,-0.5,102.218,99.188,102.254,102.301,103.95,91.731,98.953,97.241,103.95,100.86,90.547,97.652,103.95,103.046,98.353,103.023,4
142.0,235.0,0.4947,-0.2692,-0.4353,0.0,0.0,0.0,0.0,0.0,0.0,0.0,0.0,0.0,0.0,0.0,0.0,-1.5,0.5,4.5,-4.5,102.218,101.026,102.343,102.653,103.95,93.063,101.237,102.837,103.95,100.286,88.839,95.67,103.95,100.743,96.231,103.41,4
140.0,240.0,0.5191,-0.0458,-0.3351,0.0,0.0,-0.5,0.5,1.0,-1.0,0.0,0.0,0.0,0.0,0.0,0.0,0.0,0.0,-2.0,1.5,102.218,102.239,102.554,102.958,103.95,94.564,97.343,103.548,103.95,103.061,85.207,94.448,103.95,102.887,96.617,103.552,4
136.0,231.0,0.4967,0.2297,-0.4012,0.0,0.0,0.0,0.0,0.0,0.5,0.0,0.0,0.0,0.0,0.0,0.0,0.0,0.0,0.0,0.0,102.218,99.002,102.261,102.408,103.95,97.008,100.273,100.458,103.95,98.083,89.868,98.482,103.95,101.233,99.114,103.282,4
126.0,223.0,0.6407,0.3907,-0.3809,0.0,0.0,-1.5,1.0,0.0,1.0,0.0,0.0,0.0,0.0,0.0,0.0,1.5,-1.5,1.0,0.0,101.36,96.243,102.01,102.013,103.469,91.626,98.379,95.861,103.678,93.05,93.644,99.731,103.677,101.061,97.792,102.906,4
136.0,229.0,0.6626,0.1095,0.1148,0.0,0.0,0.0,0.0,0.0,0.0,0.0,0.0,0.0,0.0,0.0,0.0,-1.0,1.0,0.5,-1.5,102.218,103.019,103.03,103.094,103.95,95.287,99.255,99.731,103.95,99.763,90.503,100.489,103.95,101.631,98.628,103.57,4
123.0,249.0,0.7862,0.621,-0.9055,0.0,0.0,2.0,-2.0,0.0,0.0,-1.5,1.5,0.0,0.0,0.0,0.0,1.5,-1.5,0.0,0.0,102.213,103.043,103.066,102.626,103.859,96.036,97.917,93.103,103.9,97.782,94.722,102.486,103.9,101.458,99.195,102.999,4
125.0,237.0,0.6334,0.4452,-0.4277,0.0,0.0,0.5,-0.5,0.0,0.0,1.5,-1.5,0.0,0.0,0.0,0.0,0.0,0.0,0.0,0.0,102.218,102.436,102.496,101.278,103.95,94.49,96.34,95.029,103.95,97.998,93.828,103.101,103.95,101.627,99.595,103.107,4
139.0,243.0,0.7124,0.2525,-0.825,0.0,0.0,0.5,-0.5,-1.5,1.0,-0.5,0.5,0.0,0.0,0.0,0.0,1.0,0.0,-4.5,4.5,102.218,102.992,102.493,102.984,103.95,94.915,99.553,98.863,103.95,97.671,87.418,95.046,103.95,102.385,96.902,103.152,4
165.0,136.0,0.8548,0.134,0.8366,0.0,0.0,1.0,0.5,0.0,0.0,0.5,-0.5,-0.5,0.5,0.0,0.0,-0.5,0.5,0.0,0.0,101.31,101.838,100.712,102.332,101.969,99.746,102.269,101.136,97.64,90.227,99.269,102.105,86.88,99.781,102.996,102.993,12
187.0,204.0,0.8741,0.0448,-0.5266,0.0,0.0,0.0,0.0,0.0,0.0,0.0,0.0,0.0,0.0,0.0,0.0,0.0,0.0,0.0,0.0,101.177,102.198,102.195,100.034,101.969,102.996,100.104,100.927,101.96,99.625,97.342,100.803,97.314,89.448,97.942,101.474,12
169.0,208.0,0.8786,0.0232,-0.2394,0.0,0.0,0.0,0.0,0.0,0.0,-0.5,0.5,0.0,0.0,1.0,0.0,-1.0,1.0,0.0,0.0,101.277,102.299,102.284,99.975,101.966,102.999,99.055,101.4,101.963,96.356,94.997,99.62,95.314,89.177,99.451,102.998,12
181.0,181.0,0.8943,-0.5098,-0.695,0.0,0.0,0.0,0.0,0.0,0.0,0.5,-0.5,0.0,0.0,1.0,0.5,0.0,0.0,0.0,0.0,101.77,102.799,102.061,102.799,101.969,102.656,99.821,101.686,101.969,98.82,99.968,101.717,96.532,93.914,101.091,102.999,12
177.0,203.0,0.8426,-0.6373,-0.9283,0.0,0.0,0.0,0.0,0.0,0.0,1.0,0.0,0.0,0.0,-1.0,1.5,0.0,0.0,0.0,0.0,100.712,101.733,98.72,101.299,101.968,101.792,100.181,101.205,101.943,97.682,99.02,100.6,92.79,88.504,100.588,102.996,12
163.0,157.0,0.8477,-0.2318,-0.1668,0.0,0.0,0.0,0.0,-0.5,0.5,0.0,0.0,0.0,0.0,-0.5,0.5,0.5,-0.5,0.0,0.0,100.847,101.867,97.55,101.865,101.969,100.028,100.884,100.734,99.073,91.173,94.516,101.181,85.99,97.965,103.0,103.0,12
182.0,197.0,0.8122,-0.1865,-0.0888,0.0,0.0,0.0,0.0,-0.5,0.5,0.0,0.0,0.0,0.0,1.5,0.0,1.5,-0.5,0.0,0.0,100.365,101.393,100.842,97.547,101.952,102.989,98.193,100.481,101.966,97.634,92.974,100.596,97.025,83.171,98.538,102.998,12
158.0,150.0,0.8841,-0.3078,0.4827,0.0,0.0,0.5,0.0,0.0,0.0,-0.5,0.5,0.0,0.5,0.0,0.0,2.0,-2.0,-0.5,0.5,101.375,102.4,100.157,102.397,101.965,99.373,101.502,100.149,96.087,90.019,98.393,102.281,88.22,99.822,102.994,102.996,12
188.0,224.0,0.7609,-0.1557,-0.2837,0.0,0.0,0.0,0.0,0.0,0.5,0.5,-0.5,0.0,0.0,0.0,0.0,-0.5,0.5,-0.5,0.5,100.665,101.246,101.146,95.442,102.399,102.972,98.352,101.638,102.382,101.571,96.57,97.596,102.392,90.146,86.376,101.799,12
191.0,166.0,0.7946,1.8018,0.2978,0.0,0.0,0.0,0.0,0.0,0.0,0.0,0.0,0.0,0.0,0.0,0.0,-0.5,0.5,0.0,0.0,100.368,101.278,98.508,99.838,102.068,101.859,100.27,102.957,102.075,96.854,97.192,99.886,94.732,88.234,100.653,102.984,12
164.0,192.0,0.8878,-0.3949,0.5732,0.0,0.0,0.0,0.0,1.0,-1.0,-0.5,0.0,0.0,0.0,-1.0,1.0,-0.5,0.5,-0.5,0.5,101.408,102.426,101.138,101.351,101.962,102.172,97.95,101.138,101.954,89.154,95.51,100.876,92.213,88.989,101.976,102.981,12
185.0,166.0,0.8586,1.3862,-0.0141,0.0,0.0,0.0,0.0,0.0,0.0,0.0,0.0,0.0,0.0,-0.5,0.5,0.5,-0.5,0.0,0.0,101.108,102.133,100.734,101.087,101.97,102.263,99.45,102.833,101.931,97.946,98.396,99.975,90.931,89.735,101.265,103.0,12
191.0,162.0,0.9109,0.5025,0.8223,0.0,0.0,0.0,0.0,0.0,0.0,0.0,0.0,0.0,0.0,-0.5,0.5,0.0,0.0,0.5,-0.5,101.772,102.8,102.8,102.015,101.969,102.953,100.206,101.867,101.965,97.79,100.044,100.77,93.043,90.263,99.225,103.0,12
156.0,177.0,0.9081,-0.6564,0.5743,0.0,0.0,0.0,0.0,0.0,0.0,0.0,0.0,0.0,0.0,-1.0,1.0,0.0,0.0,0.0,0.0,101.736,102.76,101.276,102.763,101.965,100.758,98.687,100.049,99.63,87.269,96.498,102.067,89.267,95.669,102.232,103.0,12
186.0,231.0,0.8251,2.0507,-0.9015,0.0,0.0,0.0,0.0,0.0,0.0,0.0,0.0,0.0,0.0,0.0,0.0,0.5,-0.5,0.0,0.0,100.551,101.565,101.04,97.814,101.966,102.993,99.694,101.614,101.959,101.198,95.477,98.716,95.456,88.058,95.63,102.597,12
182.0,195.0,0.8672,-0.3842,-0.3486,0.0,0.0,0.0,0.0,-0.5,0.5,0.0,0.0,0.0,0.0,0.0,0.0,0.0,0.0,0.0,0.0,101.088,102.126,101.297,99.799,101.963,102.722,98.825,101.134,101.96,97.986,95.582,100.109,92.907,89.864,96.933,102.995,12
151.0,164.0,0.8718,-0.1561,0.6766,0.0,0.0,0.5,-0.5,0.5,-0.5,-0.5,0.5,-0.5,0.5,-0.5,0.5,-1.0,1.0,0.0,0.0,101.174,102.197,99.489,102.197,101.954,100.28,99.935,99.468,94.596,85.996,98.761,102.998,92.248,100.309,102.993,102.997,12
173.0,170.0,0.8707,-0.0852,-0.0383,0.0,0.0,0.0,0.0,0.0,0.0,0.5,-0.5,0.0,0.0,-1.0,1.0,0.0,0.0,-0.5,0.5,101.142,102.163,99.972,102.163,101.965,100.908,101.286,100.912,101.49,92.644,97.441,101.389,87.674,94.932,102.998,102.999,12
185.0,195.0,0.8888,1.4296,-0.4927,0.0,0.0,0.0,0.0,0.0,0.0,0.5,-0.5,0.0,0.0,0.0,0.0,-1.0,1.0,0.5,-0.5,101.401,102.427,102.271,100.786,101.959,102.997,99.72,102.364,101.951,99.698,97.644,99.96,96.289,90.891,100.307,102.997,12
169.0,171.0,0.8829,-0.3593,-0.1997,0.0,0.0,0.0,0.0,-0.5,0.5,1.0,0.5,0.0,0.0,0.5,-0.5,0.0,0.0,0.0,0.0,101.34,102.356,100.254,102.363,101.968,101.728,99.816,101.83,101.445,94.293,99.063,100.839,89.163,95.28,103.0,102.999,12
170.0,176.0,0.897,0.0755,-0.5049,0.0,0.0,0.0,0.0,0.0,0.0,0.0,0.0,0.0,0.0,0.5,-0.5,-1.0,1.0,0.0,0.0,101.671,102.7,101.748,102.699,101.969,102.072,100.34,102.139,101.451,93.317,98.25,100.972,92.559,96.118,102.992,102.999,12
178.0,165.0,0.8654,0.8974,-0.4519,0.0,0.0,0.0,0.0,0.0,0.0,0.0,0.0,0.0,0.0,0.5,-0.5,0.0,0.0,0.0,0.0,101.039,102.065,99.828,101.796,101.969,101.862,99.957,102.999,101.756,95.265,97.809,99.941,90.08,95.616,102.999,103.0,12
145.0,193.0,0.8955,-0.7099,-0.1815,0.0,0.0,0.0,0.0,1.5,0.0,-0.5,0.5,0.0,0.0,0.5,-0.5,0.0,0.0,0.0,0.0,101.53,102.563,101.27,102.562,101.953,100.491,99.888,99.671,100.396,88.212,98.453,102.981,93.893,98.945,102.994,102.99,12
185.0,233.0,0.8464,-0.5805,-0.3951,0.0,0.0,0.0,0.0,0.0,0.0,0.0,-1.5,0.0,0.0,0.5,-0.5,0.5,-0.5,0.5,-0.5,100.779,101.784,101.776,98.566,101.967,102.995,99.73,99.767,101.951,100.539,94.298,101.106,98.029,90.698,93.931,99.374,12
165.0,204.0,0.9035,-0.3821,-1.0685,0.5,0.5,0.0,0.0,0.0,0.0,-0.5,0.5,0.5,0.5,1.0,-1.0,-0.5,-0.5,0.0,0.0,100.705,99.382,102.692,102.67,93.522,96.924,101.438,96.349,93.813,96.81,87.858,92.204,87.031,89.148,86.274,92.747,6
175.0,209.0,0.9134,1.2329,-0.9338,0.5,-0.5,0.0,1.0,0.0,0.0,0.0,0.0,0.0,0.0,0.0,0.0,-0.5,0.5,0.0,0.0,101.103,102.828,102.832,102.832,97.316,100.906,100.706,102.71,97.168,94.605,94.089,95.098,88.972,92.259,88.125,93.862,6
162.0,225.0,0.9266,0.0404,-1.1315,-0.5,1.0,0.0,0.0,0.0,0.0,0.0,0.0,-0.5,1.5,0.5,0.5,1.0,0.0,1.0,0.0,101.874,103.089,103.098,103.098,95.6,97.667,100.171,98.495,95.701,89.653,84.254,83.364,86.888,95.278,91.242,96.793,6
156.0,213.0,0.9147,0.226,-1.0362,0.0,0.0,-0.5,0.5,2.0,-3.0,-1.0,1.0,0.0,0.5,1.0,-1.0,0.0,0.5,0.0,0.0,101.073,102.184,102.8,102.832,96.978,99.837,98.435,99.363,96.07,90.833,87.028,87.855,89.542,96.696,95.938,100.343,6
165.0,256.0,0.8687,-0.7046,-1.1895,-0.5,0.5,1.0,-1.5,0.0,0.0,0.5,0.5,0.0,0.0,3.0,-3.0,0.5,-0.5,-1.0,1.5,100.953,102.085,102.555,102.557,97.205,99.921,98.316,98.813,99.562,94.969,93.73,89.27,96.632,91.22,87.564,95.341,6
166.0,190.0,0.9349,0.0259,-0.5975,0.5,-0.5,0.0,0.0,-0.5,0.5,0.0,0.0,0.0,0.0,0.5,-0.5,-0.5,0.0,0.0,0.0,102.218,103.25,103.25,103.25,97.405,100.316,98.679,103.085,93.286,94.773,83.585,95.54,90.253,89.604,95.783,99.99,6
154.0,222.0,0.934,0.6171,-0.9601,0.5,0.5,0.0,0.0,0.0,0.0,0.0,0.0,-1.0,1.0,0.5,-0.5,-1.0,1.0,-1.0,1.0,102.218,103.25,103.25,103.25,98.282,99.426,96.012,100.02,92.279,83.965,83.045,82.309,94.439,97.194,98.545,99.662,6
159.0,236.0,0.9109,0.1657,-1.0921,0.0,0.0,-1.0,1.0,0.5,-0.5,-0.5,0.5,0.5,-0.5,0.0,-0.5,-0.5,1.5,2.0,-2.0,101.802,102.829,100.077,102.83,96.913,98.905,98.281,95.252,95.216,89.972,84.198,79.729,86.928,90.24,92.266,98.631,6
166.0,227.0,0.886,-0.1336,-1.1631,0.0,0.0,-0.5,0.5,0.0,0.0,0.0,0.0,0.5,0.5,0.0,0.0,0.5,0.5,1.0,-1.0,100.942,99.258,101.332,102.449,95.441,99.076,99.043,94.665,95.384,97.731,91.44,82.35,85.44,86.3,85.376,95.562,6
149.0,212.0,0.8752,-0.4157,-1.14,0.0,0.0,0.0,0.0,0.0,0.0,0.0,1.5,0.0,1.0,0.0,0.0,0.5,-0.5,-1.0,1.0,98.852,101.517,102.188,101.218,96.8,96.455,102.038,94.676,95.179,89.197,91.96,91.98,90.724,98.914,94.418,98.757,6
169.0,221.0,0.9361,-0.0574,-0.9074,-0.5,0.0,1.0,0.5,0.0,0.0,0.0,0.0,0.0,0.0,1.5,-1.5,0.0,0.0,0.0,-0.5,102.196,103.232,103.232,103.231,98.445,100.788,98.98,100.826,97.281,95.406,93.175,93.371,90.308,91.317,93.619,98.097,6
160.0,219.0,0.91,0.1841,-1.0827,-0.5,0.5,0.0,0.0,-0.5,-0.5,-0.5,0.0,0.5,-0.5,1.0,0.0,0.0,1.5,-0.5,1.5,101.002,102.792,100.326,102.797,95.653,98.814,98.879,96.065,95.978,88.859,82.437,81.731,83.939,90.114,93.558,99.061,6
153.0,207.0,0.9401,0.1818,-1.0698,0.0,0.0,0.0,0.0,0.0,0.0,-1.0,1.0,0.5,-0.5,0.5,-0.5,-1.0,1.0,0.5,-0.5,102.218,103.25,103.25,103.25,97.251,96.485,103.18,99.646,89.333,85.351,88.112,84.251,94.983,95.196,98.816,101.56,6
160.0,199.0,0.9197,0.0641,-0.8751,0.0,0.0,0.5,0.0,0.5,-0.5,0.0,0.0,-0.5,0.5,-0.5,0.5,-0.5,0.5,2.5,-2.0,101.718,103.031,103.028,103.026,96.077,99.844,97.963,100.254,97.037,87.55,83.332,89.246,87.264,93.145,97.052,100.666,6
152.0,232.0,0.9014,-0.2342,-1.087,0.0,0.0,0.0,0.0,0.0,0.0,-0.5,0.5,-1.5,1.5,0.0,0.0,0.0,0.0,-0.5,0.5,100.64,102.633,102.607,99.522,95.633,96.692,100.822,94.389,94.095,91.871,87.019,90.005,90.701,94.377,94.628,101.597,6
150.0,192.0,0.9456,0.1347,-0.9125,-1.0,1.0,0.0,0.0,0.0,0.0,2.0,-2.0,-1.0,1.0,-1.0,1.0,-1.0,1.0,-0.5,-1.5,102.218,103.25,103.25,103.25,98.423,98.64,100.593,100.323,88.439,85.324,83.647,93.039,95.74,100.037,102.698,103.132,6
178.0,224.0,0.9053,-0.0899,-0.9855,-0.5,0.5,0.0,0.0,0.0,0.0,0.5,-0.5,0.5,-0.5,0.5,0.0,0.5,-0.5,1.5,0.0,100.771,102.616,102.615,102.626,97.647,98.689,102.632,99.875,97.761,96.857,95.508,92.057,92.03,91.984,90.241,93.605,6
146.0,195.0,0.9281,0.4187,-0.8566,0.0,1.0,0.0,0.0,0.5,-0.5,0.0,0.0,1.5,-0.5,3.0,-3.0,0.5,-0.5,-0.5,0.5,102.218,103.25,103.25,103.25,97.171,99.177,95.362,100.785,88.908,81.821,81.501,90.877,94.443,102.827,100.324,102.221,6
156.0,219.0,0.8934,-0.3561,-1.1707,0.0,0.0,0.5,-0.5,0.0,0.0,-0.5,0.5,-0.5,1.5,0.0,0.0,2.0,-1.0,-1.5,1.5,100.013,101.624,102.494,102.493,93.95,93.315,102.981,90.626,89.844,87.953,85.989,87.785,91.51,95.121,90.475,92.994,6
171.0,235.0,0.8586,0.4567,-1.1679,0.0,0.0,0.0,0.0,1.0,-0.5,0.0,0.0,0.0,0.0,-0.5,0.5,0.0,0.0,1.5,-0.5,99.517,101.713,101.321,102.096,96.293,99.445,99.939,101.358,97.66,95.472,96.667,85.825,89.153,90.084,82.888,97.073,6
142.0,216.0,0.8763,-0.0778,-1.0631,0.0,0.0,0.0,0.0,0.0,0.0,0.0,0.0,1.0,0.0,-1.0,1.0,-1.0,2.0,0.0,0.0,98.946,99.018,102.189,100.874,96.872,98.125,101.141,93.095,93.594,90.596,84.247,89.91,90.478,99.513,98.553,102.483,6
159.0,235.0,0.8751,0.1395,-1.1153,0.0,0.0,-0.5,-0.5,0.5,-0.5,1.5,-1.5,0.0,0.0,-1.0,1.0,0.5,-0.5,0.0,0.0,101.388,102.003,102.332,102.662,97.799,99.755,97.573,96.459,99.117,87.97,88.344,87.991,93.622,95.181,94.312,97.995,6
164.0,213.0,0.9127,0.3635,-0.8854,0.0,0.0,0.0,0.0,0.0,0.0,0.0,0.0,0.0,0.0,-0.5,0.5,-0.5,0.5,0.0,1.0,101.291,102.829,102.83,102.828,96.858,98.412,102.908,100.942,97.338,92.274,89.483,91.503,91.656,95.885,93.176,99.003,6
145.0,206.0,0.9216,-0.4641,-0.851,0.0,0.0,-1.5,1.5,0.0,0.0,1.0,0.0,-0.5,0.5,-1.5,1.5,0.5,-0.5,-0.5,-0.5,101.725,101.455,102.998,102.997,95.557,96.292,97.231,97.438,91.946,87.084,88.068,95.037,93.336,99.142,97.493,98.549,6
151.0,257.0,0.9181,-0.6974,-1.0707,0.0,0.0,-0.5,0.5,0.0,0.0,-0.5,0.5,0.0,0.0,-0.5,0.5,0.0,0.0,0.0,0.0,101.936,102.531,101.859,102.965,101.97,100.981,100.701,100.815,100.462,100.788,99.966,97.714,97.557,100.43,101.444,101.741,1
130.0,252.0,0.8577,-0.5679,-1.1014,0.0,0.0,0.0,0.0,0.0,0.0,0.0,0.0,0.0,0.0,0.5,-0.5,0.0,0.0,-0.5,0.5,100.978,99.78,99.933,101.996,101.537,101.466,99.763,98.332,100.128,100.665,98.72,100.364,96.99,101.335,101.853,101.787,1
153.0,254.0,0.8713,-0.9071,-1.0898,0.0,0.0,0.0,0.0,0.0,0.0,0.0,0.0,0.0,0.0,0.0,0.0,0.0,0.0,0.0,1.0,101.141,100.696,100.006,102.161,101.968,101.398,100.895,99.64,100.81,99.859,99.845,97.173,96.521,99.856,101.115,101.0,1
135.0,273.0,0.9024,-0.9968,-0.8765,0.0,0.0,0.0,0.0,0.0,0.0,1.0,-1.0,0.0,0.0,0.0,0.0,0.5,-0.5,0.0,0.0,101.638,101.407,101.941,102.666,101.832,101.751,100.463,99.228,100.572,100.695,99.2,99.677,98.021,100.797,100.441,102.626,1
131.0,297.0,0.9198,-0.5944,-0.7835,0.0,0.0,0.0,0.0,-0.5,0.5,-0.5,0.5,0.0,0.0,0.0,0.0,0.0,0.0,0.5,-0.5,101.903,102.545,102.419,102.933,101.97,101.991,100.901,99.753,100.838,100.967,99.694,100.015,98.809,100.656,101.076,102.589,1
151.0,260.0,0.8955,-1.255,-1.0169,0.0,0.0,0.0,0.0,0.0,0.0,0.0,0.0,0.0,0.0,-0.5,0.5,0.0,0.0,0.0,0.0,101.529,101.853,100.433,102.559,101.969,101.212,100.041,99.423,101.2,100.252,99.879,98.615,97.891,99.801,99.359,102.081,1
168.0,289.0,0.8625,-0.0134,-1.0003,0.0,0.0,0.0,0.0,1.5,-1.5,0.0,0.0,0.0,0.0,0.0,0.0,0.5,-0.5,0.0,0.0,101.046,102.064,102.065,100.57,101.968,101.633,101.51,102.427,100.976,101.722,99.302,98.945,97.938,101.46,100.351,100.436,1
131.0,277.0,0.89,-0.8908,-1.165,0.0,0.0,0.0,0.0,0.0,0.0,-0.5,0.5,0.0,0.0,0.0,0.0,0.0,0.0,0.0,0.0,101.396,100.835,101.12,102.303,101.716,101.168,99.708,97.849,100.296,99.766,100.478,99.901,97.477,100.875,101.177,101.578,1
110.0,299.0,0.9081,-0.0332,-0.7797,0.0,0.0,0.0,0.0,0.0,0.0,0.0,0.0,0.0,0.0,0.0,0.0,0.0,0.0,0.0,0.0,101.64,102.357,101.111,102.666,101.968,102.088,100.69,100.8,101.222,101.237,100.968,100.062,98.26,100.894,100.796,102.861,1
122.0,284.0,0.8872,-0.4661,-1.0096,0.0,0.0,0.0,0.0,0.0,0.5,0.0,0.0,0.0,0.0,0.0,0.0,2.5,-2.5,0.0,0.0,101.343,100.718,102.367,102.366,101.691,100.751,101.682,99.554,100.385,101.487,98.886,100.61,99.371,100.953,101.112,103.0,1
134.0,280.0,0.9109,-0.5734,-0.1749,0.0,0.0,0.0,0.0,0.0,0.0,0.0,0.0,0.0,0.0,0.0,0.0,0.5,-0.5,0.0,0.0,101.799,102.831,101.433,102.832,101.969,102.119,100.966,102.018,101.31,100.312,100.251,99.809,99.09,100.975,101.612,102.128,1
143.0,269.0,0.903,-0.9318,-1.0648,0.0,0.0,1.0,-1.0,0.0,0.0,-1.0,1.0,0.0,0.0,-0.5,0.5,0.0,0.0,0.0,0.0,101.639,101.94,100.852,102.666,101.97,101.257,100.86,99.526,100.811,99.498,100.831,98.804,96.992,100.66,101.24,101.826,1
134.0,274.0,0.866,-0.1919,-0.3311,0.0,0.0,0.0,0.0,0.0,0.0,-0.5,0.5,0.0,0.0,0.0,0.0,0.0,0.0,0.0,0.0,101.043,101.185,100.396,102.065,101.754,102.022,101.08,100.015,100.922,101.384,99.55,98.89,99.421,101.552,101.659,101.07,1
135.0,245.0,0.9291,0.0856,-0.4611,0.0,0.0,0.0,0.0,0.0,0.0,0.0,0.0,0.0,0.0,0.0,0.0,0.0,0.0,-1.0,-1.0,102.102,103.133,103.133,103.132,101.969,100.832,101.731,99.726,100.697,100.07,100.097,100.388,98.448,101.66,101.796,102.999,1
143.0,270.0,0.8829,-1.0561,-0.9958,0.0,0.0,0.0,0.0,0.0,1.0,0.0,0.0,0.0,0.0,0.0,0.0,0.0,0.0,-0.5,2.0,101.296,100.918,100.114,102.325,101.964,99.606,100.624,98.926,100.256,101.038,99.71,97.27,97.68,100.35,101.082,100.879,1
152.0,266.0,0.919,-1.058,-1.0316,0.0,0.0,0.0,0.0,-1.0,1.0,0.0,0.0,0.0,0.0,0.0,0.0,0.0,0.0,0.0,0.0,101.937,102.965,101.687,102.966,101.969,101.496,100.742,102.035,101.319,99.856,100.262,99.548,97.528,100.686,102.025,100.441,1
152.0,272.0,0.9224,-1.2484,-1.0593,0.0,0.0,0.0,0.0,0.5,-0.5,0.0,0.0,0.0,0.0,0.0,0.0,0.0,0.0,2.5,-2.5,102.034,103.064,101.948,103.063,101.96,101.112,99.805,98.972,101.665,99.451,101.133,100.189,97.325,99.973,100.118,100.837,1
144.0,278.0,0.9072,-0.9027,-1.2384,0.0,0.0,0.0,0.0,-0.5,0.5,0.5,-0.5,-0.5,0.5,0.5,-0.5,1.5,-1.5,0.0,0.0,101.804,101.459,102.691,102.831,101.851,101.385,100.53,100.436,98.859,100.554,100.085,99.43,98.233,101.133,99.832,101.904,1
143.0,265.0,0.8918,-0.8408,-1.1299,0.0,0.0,0.0,0.0,0.0,0.0,0.5,-0.5,0.0,0.0,0.5,-0.5,0.5,-0.5,0.5,-0.5,101.475,101.74,101.062,102.499,101.755,101.363,101.129,101.214,100.252,101.089,100.159,98.293,97.593,100.204,100.541,102.624,1
134.0,272.0,0.9053,-1.0738,-1.1132,0.0,0.0,0.0,0.0,5.0,-4.5,0.0,0.0,0.0,0.0,0.0,0.0,0.0,0.0,0.0,0.0,101.637,100.707,102.65,102.664,101.561,101.255,98.526,98.822,100.085,99.5,100.262,99.651,97.803,100.497,100.899,102.25,1
126.0,264.0,0.8239,-0.4907,-1.104,0.0,0.0,0.0,0.0,0.0,0.0,0.0,0.0,0.0,0.0,0.0,0.0,0.0,0.0,1.0,-1.0,101.139,99.263,102.148,102.165,101.359,100.179,101.231,100.525,100.647,99.349,99.746,100.879,98.593,101.14,101.185,101.643,1
136.0,321.0,0.8578,-0.6225,-0.279,0.0,0.0,0.0,0.0,0.0,0.5,-0.5,0.5,0.0,0.0,0.0,0.0,0.0,0.0,0.0,0.0,101.31,101.833,100.479,102.332,101.97,101.579,101.355,101.594,101.819,100.212,100.222,98.997,99.394,100.46,101.562,101.601,1
152.0,252.0,0.9127,-1.1657,-1.1068,0.0,0.0,0.5,-0.5,0.0,0.0,-3.0,4.0,0.0,0.0,0.0,0.0,0.0,0.0,0.0,0.0,101.838,101.636,102.004,102.866,101.969,100.993,100.718,100.23,100.471,100.621,99.644,98.609,96.706,99.969,101.556,100.453,1
148.0,302.0,0.8457,-0.4208,-0.7705,0.0,0.0,0.0,0.0,0.0,0.0,0.5,-0.5,0.0,0.0,0.0,0.0,0.0,0.0,0.0,0.0,101.343,101.575,100.889,102.365,101.652,102.363,101.499,101.777,100.54,101.986,100.841,99.291,99.859,101.156,98.518,101.231,1
139.0,219.0,0.9046,-0.3689,-0.9519,0.0,0.0,0.0,1.0,0.0,0.0,0.5,-0.5,-1.0,1.0,-1.0,1.0,2.5,-2.0,0.5,-0.5,101.755,102.589,102.761,102.159,97.627,97.242,97.845,90.793,93.159,88.162,90.28,93.081,95.409,100.928,96.83,101.312,9
138.0,264.0,0.8223,3.4,-0.6816,0.0,0.0,0.0,0.0,0.0,0.0,1.0,0.5,0.0,0.0,-0.5,0.5,0.0,0.0,-1.0,1.0,100.473,101.487,101.497,100.719,101.269,99.46,101.787,100.101,99.69,94.498,90.826,91.943,98.484,100.037,102.418,99.291,9
132.0,248.0,0.8907,1.0108,-0.8649,0.0,0.0,-1.5,1.5,0.0,0.0,0.5,-0.5,0.0,0.0,-3.0,3.0,-2.0,2.0,0.5,-0.5,101.501,101.068,102.531,102.53,98.654,96.054,98.017,96.024,100.004,92.648,92.942,92.499,97.727,102.948,98.948,99.87,9
157.0,237.0,0.8752,-0.3416,-0.9783,0.0,0.0,-0.5,0.5,0.0,0.0,-0.5,0.5,-0.5,1.5,-0.5,0.5,0.0,0.0,0.5,-0.5,101.209,102.223,102.213,100.081,100.317,94.79,99.786,98.217,96.097,89.742,88.283,90.642,95.368,100.828,96.356,95.257,9
154.0,236.0,0.8631,0.3769,-0.9775,0.5,-0.5,-1.0,1.0,0.0,0.0,0.5,-0.5,-0.5,0.5,0.5,-0.5,1.0,-1.0,1.5,-1.5,101.949,102.765,102.763,102.287,101.805,100.319,102.278,97.238,98.407,94.317,91.571,92.534,101.506,95.495,94.816,99.981,9
143.0,246.0,0.8412,-0.1972,-1.1152,0.5,0.5,0.5,-0.5,0.0,0.0,-0.5,0.5,0.0,0.0,-0.5,0.5,-0.5,0.5,0.0,0.0,100.724,101.756,101.75,99.911,98.308,94.475,98.986,95.045,97.766,88.6,91.333,92.201,95.981,100.771,99.26,100.434,9
158.0,181.0,0.8417,0.1856,-0.6891,0.0,0.0,0.0,0.0,0.0,0.0,-0.5,0.5,0.5,-0.5,-0.5,0.5,0.0,0.0,-0.5,0.5,100.984,101.898,101.894,99.246,97.786,101.806,98.286,97.212,94.27,91.627,92.119,97.311,92.995,96.94,96.159,99.297,9
120.0,221.0,0.9039,2.0375,-0.9849,0.0,0.0,3.0,-3.0,0.5,-0.5,0.0,0.0,-1.0,1.0,0.0,0.0,-0.5,0.5,-3.0,2.0,100.984,101.415,102.699,102.177,95.653,98.017,97.883,95.546,97.428,95.358,93.77,96.988,97.644,101.891,98.891,100.834,9
144.0,271.0,0.7884,1.3929,-0.5989,0.0,0.0,0.0,0.0,-1.0,0.0,0.0,0.0,0.0,0.0,0.0,0.0,0.0,0.0,1.0,0.5,100.435,100.254,101.159,100.306,102.114,97.973,97.941,98.398,102.097,94.906,93.542,89.635,100.67,98.934,102.281,99.153,9
166.0,247.0,0.8904,0.1437,-0.7825,0.0,0.0,-0.5,1.5,0.0,0.0,0.0,0.0,0.0,0.0,0.0,0.0,0.0,1.0,0.0,0.0,101.847,102.753,102.763,101.663,102.302,100.422,100.498,97.775,98.374,92.801,93.503,92.427,97.61,96.796,91.836,99.101,9
142.0,246.0,0.8872,1.2968,-0.9797,-0.5,0.5,0.0,0.0,0.0,0.0,-0.5,0.5,0.5,-0.5,-0.5,0.5,-0.5,-0.5,-2.5,3.5,101.409,102.424,102.416,101.894,100.748,99.394,99.832,96.645,98.093,91.574,92.047,91.485,98.772,100.2,98.831,99.043,9
147.0,249.0,0.8774,-0.2106,-1.0963,0.0,0.5,1.0,0.0,1.5,-0.5,0.0,0.0,0.0,0.0,-0.5,0.5,-0.5,0.5,-2.0,2.0,101.231,102.261,102.233,101.562,100.416,95.212,99.277,93.113,96.916,88.664,90.491,90.085,95.322,102.237,100.124,99.55,9
143.0,251.0,0.797,0.6712,-0.9282,0.0,0.0,-1.0,1.0,0.0,0.0,0.0,0.0,0.0,0.0,1.5,-0.5,4.5,-4.0,-1.0,1.0,100.898,101.254,101.593,100.548,101.234,95.841,100.986,95.175,99.802,95.542,89.899,90.731,99.719,97.546,102.257,97.801,9
154.0,237.0,0.7874,0.496,-1.2797,-0.5,0.5,-0.5,0.5,0.0,0.0,0.5,-0.5,0.5,-0.5,-1.0,-0.5,1.5,-0.5,-1.0,1.0,101.38,101.804,101.803,100.825,101.252,98.358,99.044,97.487,97.718,87.061,91.65,91.031,100.954,95.848,95.848,96.308,9
134.0,262.0,0.8707,0.9493,-1.0217,0.0,0.0,0.0,0.0,0.0,0.0,0.0,0.0,0.0,0.0,0.0,0.0,0.5,-0.5,-0.5,0.5,100.93,100.277,102.024,100.785,99.248,96.127,99.7,100.428,99.961,95.946,92.983,90.215,97.46,101.006,98.647,98.199,9
155.0,275.0,0.919,-0.2079,-1.007,0.0,0.0,0.0,0.5,0.0,0.0,1.0,-1.0,0.0,0.0,-1.0,1.0,3.5,-3.5,0.0,0.0,101.934,102.966,102.963,102.597,101.965,98.423,99.082,99.587,101.826,88.36,90.004,86.319,95.243,98.883,100.173,93.735,9
152.0,242.0,0.8847,-0.5723,-1.1643,1.0,0.0,-0.5,-0.5,0.0,0.0,0.0,0.5,0.0,0.0,0.5,0.0,-1.0,1.0,0.5,-0.5,101.704,100.445,102.629,101.722,97.227,97.51,99.162,97.533,97.826,89.286,89.465,85.419,95.025,98.328,96.107,97.537,9
141.0,245.0,0.8672,0.2287,-1.2134,-0.5,0.5,1.0,-1.0,0.0,0.0,0.0,0.0,-1.0,1.0,-0.5,0.5,0.5,-0.5,0.5,-2.0,101.066,102.088,100.216,99.933,99.697,94.398,101.035,93.346,93.938,89.946,89.082,93.152,96.713,99.9,98.552,98.153,9
142.0,217.0,0.9136,0.0692,-1.1059,0.0,0.0,-1.5,1.5,0.0,0.0,0.0,0.0,1.0,-1.0,0.5,-0.5,0.5,0.0,0.0,0.0,101.539,102.524,102.463,100.163,97.758,96.82,98.048,96.156,91.181,90.298,91.011,92.043,97.756,102.871,97.391,99.829,9
154.0,166.0,0.9127,0.7254,-0.5678,-0.5,0.5,0.0,0.0,0.0,0.0,-0.5,0.5,1.0,-1.0,0.0,0.0,0.5,-0.5,0.0,0.0,101.767,102.796,102.799,102.064,99.222,101.509,100.594,98.605,91.766,95.634,95.461,101.656,99.565,98.332,98.466,102.151,9
157.0,244.0,0.8945,0.3857,-0.5812,0.0,0.0,0.0,0.0,0.0,0.0,0.0,0.0,-0.5,0.5,-0.5,0.5,0.0,0.0,0.5,-0.5,101.473,102.495,102.496,101.498,101.302,99.684,100.675,101.548,97.907,93.574,94.277,92.684,97.524,99.221,96.755,98.428,9
137.0,245.0,0.7896,-0.1939,-1.1499,0.0,0.0,1.0,-1.0,-0.5,0.5,0.0,1.0,0.0,0.0,0.0,0.0,1.0,-1.0,0.0,0.0,101.044,99.142,101.296,98.749,97.495,93.731,96.1,91.715,99.914,93.95,92.832,92.102,97.248,99.405,99.93,100.108,9
150.0,238.0,0.8478,-0.1032,-1.1115,0.0,0.0,0.0,0.0,-0.5,0.5,0.0,0.0,0.0,0.0,0.5,0.0,2.5,-1.0,0.5,-0.5,101.433,102.222,102.195,100.022,98.694,98.319,98.798,94.612,94.776,89.322,88.993,88.984,97.38,99.172,96.289,97.98,9
152.0,239.0,0.8684,0.498,-1.1362,0.0,0.0,-0.5,0.5,-1.0,1.0,0.5,0.5,0.5,-0.5,-0.5,0.5,1.0,-1.0,2.0,-2.0,101.109,102.13,101.966,99.909,99.608,97.481,98.331,99.03,88.047,89.848,93.208,90.729,101.763,100.838,94.918,97.362,9
141.0,265.0,0.9787,1.3789,-1.045,0.5,-0.5,0.0,0.0,0.0,0.0,0.0,0.0,0.5,-0.5,1.0,-1.0,0.5,-0.5,0.5,-0.5,102.218,103.25,103.25,103.25,101.775,102.79,102.589,104.214,95.061,99.484,93.105,95.25,103.161,104.21,104.189,102.641,2
141.0,244.0,0.973,0.9915,-1.1517,0.0,0.0,0.0,0.0,0.0,0.0,-0.5,0.0,-1.0,1.0,0.0,0.0,-1.5,1.5,0.0,1.0,102.218,103.25,103.25,103.25,100.619,101.625,102.922,103.413,94.52,98.604,93.025,95.112,103.004,104.048,104.046,101.957,2
141.0,256.0,0.9772,0.6895,-1.2186,0.5,-0.5,0.0,0.0,0.0,0.5,0.0,0.0,-0.5,0.5,0.0,0.0,2.0,-2.0,0.0,0.0,102.218,103.25,103.25,103.25,101.388,102.869,101.706,103.232,94.316,98.865,94.524,95.492,103.085,104.178,104.183,102.57,2
143.0,248.0,0.9832,0.3668,-1.321,0.5,-0.5,0.0,0.0,-0.5,0.5,0.0,0.0,1.0,-1.0,-0.5,0.5,-0.5,0.5,-0.5,0.5,102.218,103.25,103.25,103.25,102.491,103.176,103.318,103.803,95.544,98.633,95.424,98.167,103.405,104.45,104.448,103.491,2
140.0,243.0,0.9727,0.4686,-1.1707,0.0,0.0,0.0,0.0,0.0,0.0,-1.5,1.0,-1.0,1.0,0.0,0.0,-0.5,0.5,1.0,-1.0,102.218,103.25,103.25,103.25,100.942,101.693,102.09,102.973,93.688,99.358,93.028,96.365,102.802,104.016,104.005,102.636,2
141.0,242.0,0.9748,0.5479,-1.1975,-0.5,0.5,0.0,0.0,1.0,0.5,1.0,0.0,1.5,-1.5,0.0,0.0,0.0,-1.0,2.0,-2.0,102.218,103.25,103.25,103.25,100.49,101.2,101.782,102.953,91.052,97.977,91.918,94.324,103.016,104.081,104.077,102.039,2
140.0,248.0,0.9732,0.7249,-1.2,0.0,0.0,0.0,0.0,0.0,0.0,-0.5,0.5,0.0,0.0,0.0,0.0,0.5,-0.5,1.0,-1.0,102.218,103.25,103.25,103.25,100.014,102.003,102.414,102.899,95.73,100.163,95.586,96.989,102.91,103.95,103.95,102.398,2
149.0,252.0,0.9748,0.6357,-1.2784,0.5,-0.5,0.0,0.0,0.0,0.0,0.0,0.0,0.5,-0.5,0.0,0.0,0.0,0.0,0.5,-0.5,102.218,103.25,103.25,103.25,101.403,103.077,103.563,103.352,95.709,97.791,94.932,97.751,103.004,104.05,104.05,102.332,2
137.0,237.0,0.9682,1.3587,-1.23,0.5,-0.5,0.0,0.0,1.0,-1.0,0.0,0.0,0.5,-0.5,0.0,0.0,0.5,-0.5,-1.5,1.5,102.218,103.25,103.25,103.25,99.084,101.697,102.082,103.285,96.177,100.455,95.888,96.668,102.839,103.877,103.881,101.613,2
139.0,235.0,0.9775,0.5653,-1.1849,0.0,0.0,0.0,0.0,0.0,0.0,0.0,0.0,0.5,-0.5,0.5,-0.5,0.0,0.0,-0.5,0.5,102.218,103.25,103.25,103.25,101.177,102.344,102.987,103.215,96.853,98.904,96.284,97.334,103.141,104.174,104.183,103.015,2
147.0,246.0,0.9669,0.9456,-1.1929,1.0,-1.0,0.0,0.0,0.0,0.0,0.0,0.0,3.0,-3.0,0.0,0.0,-0.5,0.5,1.0,-1.0,102.218,103.25,103.25,103.25,99.755,102.851,102.74,103.733,92.62,97.589,90.593,94.008,102.508,103.791,103.789,101.003,2
143.0,255.0,0.9623,1.3118,-1.1763,0.5,-0.5,0.0,0.0,0.0,0.0,0.0,0.0,0.0,0.0,-0.5,0.5,0.0,0.0,0.0,0.0,102.218,103.25,103.25,103.25,98.797,101.421,102.113,102.665,97.84,98.675,95.12,97.782,102.646,103.683,103.682,101.57,2
137.0,260.0,0.9672,1.7846,-1.1913,0.5,0.5,0.0,0.0,0.5,-0.5,0.0,0.0,-0.5,0.5,0.5,-0.5,-2.5,2.5,0.5,-0.5,102.218,103.25,103.25,103.25,99.777,101.937,100.854,102.585,95.393,98.309,94.339,94.601,102.714,103.722,103.773,101.475,2
145.0,235.0,0.972,0.4344,-1.2743,-0.5,0.5,0.0,0.0,0.0,0.0,0.0,0.0,0.0,0.0,0.0,0.0,0.5,-0.5,0.0,0.0,102.218,103.25,103.25,103.25,99.933,102.299,102.757,104.013,94.996,99.672,94.802,96.841,102.932,103.973,103.972,102.238,2
143.0,251.0,0.9755,0.2192,-1.1857,-1.0,1.0,0.0,0.0,0.0,0.0,0.0,0.0,2.5,-2.5,0.5,-0.5,-6.0,6.0,-2.5,2.5,102.218,103.25,103.25,103.25,101.01,102.572,101.203,103.284,93.83,97.088,93.018,94.853,102.288,104.092,104.081,102.026,2
142.0,236.0,0.9755,0.1087,-1.2213,0.0,0.5,0.0,0.0,0.0,0.0,-0.5,0.5,-7.0,7.0,0.0,0.0,0.5,-1.5,0.5,-0.5,102.218,103.25,103.25,103.25,101.055,101.895,103.138,102.835,91.752,96.844,92.671,95.364,102.495,104.091,104.088,102.792,2
140.0,249.0,0.9742,1.2169,-1.1632,-0.5,0.5,0.0,0.0,0.0,0.0,1.0,-0.5,-0.5,0.5,0.0,0.0,0.5,-0.5,0.0,0.0,102.218,103.25,103.25,103.25,100.378,102.264,102.355,103.075,93.871,99.405,93.829,94.656,103.05,104.104,104.064,102.076,2
140.0,248.0,0.9713,0.9668,-1.2116,0.0,0.0,0.0,0.0,0.0,0.0,0.0,0.0,-0.5,0.5,-0.5,1.0,0.0,0.0,0.0,0.0,102.218,103.25,103.25,103.25,100.508,102.706,101.201,103.255,93.598,99.373,93.733,95.716,102.929,103.982,103.975,102.146,2
142.0,234.0,0.9775,0.0225,-1.1376,0.0,0.0,0.0,0.0,-0.5,0.5,0.0,0.0,-0.5,0.5,0.5,-0.5,0.0,0.0,-1.0,1.0,102.218,103.25,103.25,103.25,101.941,102.417,100.867,103.202,92.841,96.28,92.503,94.625,102.499,104.115,104.091,102.392,2
140.0,245.0,0.9752,0.6715,-1.2414,-0.5,0.5,0.0,0.0,-0.5,0.5,-0.5,0.5,-3.0,3.0,-0.5,-0.5,-1.0,1.0,0.0,0.0,102.218,103.25,103.25,103.25,101.721,102.199,102.712,103.346,95.199,99.897,96.014,97.396,103.076,104.117,104.116,102.853,2
137.0,243.0,0.9787,2.003,-1.1941,0.5,-0.5,0.0,0.0,0.0,0.0,0.0,0.0,-1.0,1.0,0.0,0.0,0.5,-0.5,-0.5,0.5,102.218,103.25,103.25,103.25,101.775,102.766,102.961,103.683,95.239,100.357,96.312,98.278,103.173,104.21,104.216,102.889,2
142.0,251.0,0.9775,0.9526,-1.1731,0.0,0.0,0.0,0.0,0.0,0.0,1.0,0.0,-1.0,1.0,0.0,0.0,-0.5,0.5,0.5,-0.5,102.218,103.25,103.25,103.25,101.002,102.423,102.901,103.342,94.805,99.652,94.319,96.984,103.167,104.207,104.211,102.414,2
139.0,260.0,0.9718,1.0842,-1.2299,0.0,0.0,0.0,0.0,0.0,0.0,0.0,0.0,-0.5,0.5,1.0,-1.0,0.0,0.0,0.5,-0.5,102.218,103.25,103.25,103.25,101.025,102.609,101.722,103.46,96.027,100.577,95.944,97.104,102.939,103.977,103.98,102.405,2
139.0,249.0,0.9776,0.5506,-1.2762,-0.5,0.5,0.0,0.0,0.0,0.0,0.0,0.0,0.5,-0.5,0.0,0.0,0.5,-0.5,0.0,0.0,102.218,103.25,103.25,103.25,101.698,102.77,102.997,103.284,94.049,99.781,95.544,97.537,102.891,104.16,104.183,102.669,2
155.0,225.0,0.8846,-0.6577,-1.1275,0.0,0.0,0.5,-0.5,0.0,0.0,1.0,-1.0,-0.5,0.5,-0.5,0.5,0.0,0.0,1.0,0.5,100.138,102.34,102.316,102.178,97.453,98.391,98.42,95.887,89.249,93.091,97.711,98.574,99.635,99.538,97.014,94.205,15
159.0,230.0,0.8306,-1.0701,-1.2572,0.5,-0.5,0.0,0.0,0.0,0.0,1.5,-0.5,-1.5,1.5,0.0,-1.0,-0.5,-0.5,0.0,0.0,98.515,100.416,101.188,101.627,91.939,99.84,97.316,94.493,96.995,94.951,97.364,101.382,101.865,99.793,98.038,94.756,15
152.0,247.0,0.8846,-0.7356,-1.1453,0.5,-0.5,-1.5,1.5,0.0,0.0,1.0,-1.0,0.0,0.0,0.0,0.0,0.0,0.0,0.0,0.5,100.318,102.332,101.989,101.916,94.348,98.112,97.002,94.672,96.83,95.389,98.691,99.446,101.967,99.254,95.817,98.004,15
146.0,236.0,0.8861,-0.791,-1.1641,-0.5,1.5,1.0,-1.0,0.0,0.0,1.0,-1.0,6.5,-6.5,-0.5,0.5,1.0,-1.0,-0.5,1.5,100.43,101.831,101.216,101.777,95.168,95.739,95.744,96.638,92.542,96.738,102.361,100.158,101.963,100.222,96.356,96.397,15
155.0,238.0,0.8118,-0.7817,-1.0634,0.0,0.0,0.5,-0.5,-0.5,0.5,0.0,0.0,-2.0,2.0,0.5,-0.5,0.0,0.0,0.0,0.0,98.683,101.543,101.15,100.893,93.996,99.102,96.324,95.472,94.448,94.528,97.72,102.247,101.674,99.248,98.673,94.367,15
143.0,225.0,0.8138,-1.0998,-1.3265,-1.0,1.0,0.5,-0.5,0.0,0.0,0.5,-0.5,0.0,0.0,0.0,0.0,0.0,0.0,1.5,-1.5,97.79,100.534,99.124,97.647,89.189,95.442,93.515,95.123,98.467,97.558,102.579,98.072,100.901,98.794,93.102,95.075,15
144.0,244.0,0.8879,-0.3958,-1.2752,-0.5,0.5,0.5,-0.5,0.5,0.5,-0.5,0.5,-4.0,4.0,-0.5,0.5,-0.5,0.5,0.5,-0.5,100.903,102.406,101.772,101.39,95.879,98.739,97.674,94.386,90.876,94.712,97.41,99.442,100.286,99.834,95.674,97.841,15
143.0,226.0,0.9081,-0.4593,-1.0627,-0.5,0.5,-0.5,2.0,-0.5,1.0,0.5,-0.5,-1.0,1.0,-0.5,0.5,1.5,-1.5,0.0,0.0,100.421,102.614,102.763,102.428,94.369,98.004,97.874,97.417,93.932,93.603,98.941,97.421,101.898,100.581,93.974,97.725,15
149.0,250.0,0.8763,-0.4794,-1.003,-1.0,1.5,0.0,0.0,0.5,-0.5,0.5,-0.5,-3.5,3.5,0.0,0.0,1.5,-3.5,-1.5,2.0,99.904,101.521,101.894,101.808,95.716,97.763,96.015,96.07,92.85,93.375,96.066,98.345,101.386,102.74,95.402,94.136,15
130.0,209.0,0.8281,-0.7246,-1.1043,0.0,1.0,0.0,0.0,1.0,-1.0,-1.0,1.0,-0.5,0.5,0.0,0.0,0.0,0.0,0.5,-0.5,96.058,99.34,99.6,97.142,90.046,96.75,95.846,101.036,96.055,97.99,100.97,98.802,101.944,98.707,95.57,99.121,15
157.0,230.0,0.9369,-0.5122,-1.1037,0.0,1.0,0.0,0.0,-2.0,2.0,0.0,0.0,0.5,-0.5,-2.0,2.0,0.5,-0.5,-0.5,1.0,102.218,103.25,103.25,103.25,99.69,100.385,98.892,98.487,90.189,92.159,95.895,95.212,98.618,97.614,92.737,99.492,15
158.0,240.0,0.9034,-0.6925,-0.9897,-0.5,0.5,0.0,0.0,0.5,-0.5,-0.5,0.5,1.5,-1.5,0.5,-0.5,0.5,-0.5,1.5,-1.5,100.939,102.633,102.581,102.605,95.391,99.233,98.452,98.594,90.632,92.819,93.597,97.883,100.172,99.656,94.9,93.369,15
154.0,222.0,0.8868,-0.4999,-1.0897,0.0,0.0,0.0,0.0,0.0,0.0,-0.5,0.5,0.5,1.0,-0.5,0.5,0.5,-0.5,0.0,0.0,100.243,102.432,102.433,102.07,97.445,99.841,98.353,96.349,90.624,93.323,96.949,99.924,99.665,99.638,97.183,96.044,15
148.0,220.0,0.8438,-0.6678,-1.2232,0.5,-0.5,0.0,0.0,-0.5,0.5,0.0,0.0,0.5,-0.5,0.5,-0.5,0.0,0.0,-0.5,0.5,99.922,101.167,100.956,101.402,93.18,99.482,97.138,93.805,93.337,95.269,97.978,95.795,100.724,97.121,94.432,100.218,15
160.0,224.0,0.8515,-0.5425,-1.1105,-0.5,0.5,0.0,0.0,0.0,0.5,0.0,0.0,0.5,-0.5,2.0,-1.0,1.5,-1.5,0.5,-0.5,99.006,101.847,101.796,101.656,96.63,100.409,97.151,96.704,88.28,93.931,96.151,100.607,98.856,98.646,97.203,93.605,15
148.0,229.0,0.9024,-0.5635,-0.9777,-0.5,1.0,-1.0,1.0,-0.5,0.5,0.0,0.0,0.5,-0.5,-0.5,0.5,0.5,-0.5,0.5,-0.5,101.098,102.63,102.555,102.142,96.935,98.844,96.629,97.191,89.29,95.1,97.862,96.89,100.746,98.697,93.932,98.905,15
159.0,236.0,0.8988,-0.5874,-1.0864,0.0,0.0,0.0,0.0,0.0,0.0,0.5,-0.5,1.0,-1.0,0.5,-0.5,-3.5,3.5,-0.5,0.5,101.639,102.643,102.667,102.144,99.386,98.233,95.624,97.221,91.55,94.103,98.043,99.063,96.161,98.511,93.917,96.391,15
155.0,230.0,0.8808,-0.8581,-1.0554,3.5,-3.5,-0.5,0.5,0.5,-0.5,0.5,-0.5,3.0,-3.0,0.0,0.0,-2.5,2.5,0.5,0.0,100.011,102.297,102.294,102.207,95.396,99.495,97.188,95.617,92.908,94.892,97.397,100.983,101.195,101.273,96.586,95.381,15
157.0,249.0,0.8411,-1.0072,-1.2074,1.0,-1.0,0.0,0.0,0.5,0.5,0.0,0.0,0.0,0.0,-0.5,0.5,0.0,0.0,0.0,0.0,97.796,101.219,99.896,100.492,92.94,97.995,96.931,93.058,94.454,96.048,99.252,102.941,101.978,100.602,98.264,92.823,15
153.0,235.0,0.8545,-0.7901,-1.0,1.0,-1.0,0.5,-0.5,0.0,0.0,0.5,-0.5,0.0,0.0,0.0,0.0,0.5,-0.5,0.0,0.0,99.121,101.932,100.966,101.485,96.531,98.675,95.243,94.58,92.766,95.984,99.279,101.813,101.969,101.254,98.833,93.884,15
159.0,245.0,0.8346,-0.8485,-1.1539,0.5,-0.5,0.0,0.0,0.5,-0.5,1.5,-1.5,1.5,-1.5,0.5,-0.5,0.5,-0.5,-2.0,0.5,97.998,101.513,101.487,101.061,92.753,99.933,98.145,90.454,93.319,92.009,96.004,101.24,100.937,100.22,100.679,92.745,15
154.0,220.0,0.8157,-0.8193,-1.1685,0.0,0.5,-0.5,0.5,0.0,0.0,0.0,0.5,0.0,0.0,1.0,-1.0,-1.0,1.0,0.0,0.0,97.743,100.802,100.71,100.89,89.839,97.28,98.048,95.647,93.925,93.87,94.716,99.915,101.933,99.874,97.361,94.285,15
154.0,223.0,0.8775,-0.5279,-1.0332,0.0,0.0,0.0,0.0,1.5,-0.5,0.5,-0.5,0.0,0.0,0.5,-0.5,0.0,0.0,-0.5,0.5,100.168,102.206,102.201,102.219,95.903,99.04,99.232,98.236,90.877,92.96,96.258,100.017,101.33,100.096,97.689,93.774,15
157.0,229.0,0.8763,-0.6649,-1.0565,-1.0,1.0,0.0,0.0,1.5,-1.5,-0.5,0.5,0.0,0.0,0.0,1.0,0.0,0.0,-0.5,1.0,99.621,102.165,102.098,101.854,94.734,98.944,98.227,94.88,92.928,92.217,94.925,99.041,100.368,98.301,97.124,92.903,15
153.0,270.0,0.9827,0.0373,-1.0988,0.0,0.0,0.0,0.0,0.0,0.0,0.0,0.0,0.0,0.0,1.5,-1.5,0.5,-0.5,-2.0,2.0,102.218,103.25,103.25,103.25,103.405,103.059,102.375,103.793,97.142,87.171,83.298,83.031,98.601,99.676,103.493,104.414,3
140.0,263.0,0.9824,-0.2953,-1.131,0.0,0.0,0.0,0.0,0.0,0.0,1.5,0.0,0.0,0.0,-0.5,-1.0,-2.0,1.0,0.0,0.0,102.218,103.25,103.25,103.25,103.076,97.357,100.227,102.299,94.343,86.656,85.74,84.379,100.495,104.376,104.377,104.381,3
156.0,227.0,0.9895,-0.9475,-1.2273,0.0,0.0,0.0,0.0,0.0,0.0,0.0,0.0,-1.0,2.0,1.0,0.0,0.0,0.0,0.5,-0.5,102.218,103.25,103.25,103.25,102.757,103.882,104.656,104.704,91.34,85.386,86.997,86.344,101.861,104.128,104.457,104.697,3
141.0,242.0,0.9812,-0.5452,-1.4072,1.5,-0.5,0.5,-0.5,0.0,0.0,0.0,0.0,0.0,0.0,-2.5,2.5,-1.5,1.5,0.5,-0.5,102.218,103.25,103.25,103.25,101.093,100.449,101.567,101.372,92.377,91.835,92.747,90.876,100.086,101.724,101.451,103.149,3
156.0,245.0,0.9853,-0.9869,-1.1855,0.0,0.0,0.0,0.0,0.0,0.0,0.0,0.0,-0.5,0.5,-1.0,1.5,2.0,-0.5,-0.5,0.5,102.218,103.25,103.25,103.25,103.502,102.903,104.364,104.54,94.136,89.281,87.498,84.329,98.208,99.875,102.317,104.36,3
140.0,256.0,0.9835,-0.0576,-1.2093,0.0,0.0,0.0,0.5,-0.5,0.5,0.5,-0.5,0.0,0.0,0.0,0.0,-1.0,-0.5,-1.5,1.5,102.218,103.25,103.25,103.25,102.52,102.161,100.911,100.481,95.492,91.944,90.954,90.649,99.103,103.828,104.442,104.445,3
154.0,233.0,0.977,-0.8344,-1.2157,0.0,0.0,0.5,-0.5,0.0,0.0,0.0,0.0,-1.0,2.0,2.5,-1.0,2.0,-0.5,0.5,-0.5,102.218,103.25,103.25,103.25,101.172,101.412,103.154,99.416,87.239,87.679,85.686,83.772,96.448,95.82,101.26,104.174,3
156.0,226.0,0.9901,-1.1067,-1.1885,0.0,0.0,0.0,0.0,0.0,0.0,0.0,0.0,1.5,0.0,0.5,0.5,-1.5,1.5,2.0,-2.0,102.218,103.25,103.25,103.25,103.335,104.218,104.808,104.816,89.785,85.775,87.703,84.433,100.327,103.578,104.483,104.778,3
148.0,252.0,0.9901,0.0195,-1.1443,0.0,0.0,1.0,0.0,0.0,0.0,0.0,0.0,0.0,0.0,0.0,0.0,0.5,-0.5,0.0,0.0,102.218,103.25,103.25,103.25,103.733,103.764,104.773,104.781,94.683,91.953,91.933,91.06,102.788,104.748,104.746,104.747,3
149.0,287.0,0.9886,-0.9365,-1.2318,0.0,0.0,0.0,0.0,0.0,0.0,0.0,0.0,0.0,0.0,0.0,0.0,0.5,-0.5,-1.0,1.0,102.218,103.25,103.25,103.25,103.633,103.864,104.008,104.679,98.052,90.25,89.988,88.398,101.486,103.902,104.659,104.672,3
154.0,224.0,0.9774,-0.6786,-1.2268,0.0,0.5,1.5,0.0,0.5,-0.5,-0.5,0.0,-0.5,1.0,1.0,0.0,0.0,0.0,2.5,-2.5,102.218,103.25,103.25,103.25,99.562,98.47,101.436,101.976,87.462,87.424,89.254,84.843,96.446,98.525,100.83,104.079,3
154.0,251.0,0.988,-1.0124,-1.2604,0.0,0.0,0.0,0.0,0.0,0.0,0.0,0.0,0.0,0.0,-2.0,2.0,1.0,0.0,-2.5,3.0,102.218,103.25,103.25,103.25,102.973,103.535,104.676,104.677,89.19,88.485,87.073,88.318,102.47,102.767,104.466,103.633,3
157.0,270.0,0.9853,-0.5963,-1.3512,0.0,0.0,0.0,0.0,0.0,0.0,0.0,0.0,0.5,-0.5,-0.5,0.5,0.5,-0.5,2.0,-2.0,102.218,103.25,103.25,103.25,101.888,101.132,101.789,102.849,95.802,84.552,89.523,87.569,100.429,100.796,100.879,104.236,3
152.0,227.0,0.9827,-1.084,-1.2297,1.0,0.5,0.0,1.0,0.5,0.5,0.0,0.0,1.0,-1.0,-1.5,1.5,0.5,-0.5,-4.0,3.0,102.218,103.25,103.25,103.25,101.823,101.467,101.892,104.189,81.908,81.259,86.616,81.003,100.933,104.402,104.204,104.413,3
151.0,252.0,0.9867,-0.7268,-1.2519,0.0,0.0,1.5,-0.5,0.0,0.0,0.0,0.0,0.0,0.0,0.0,0.0,1.0,-1.0,-0.5,0.5,102.218,103.25,103.25,103.25,103.266,102.228,103.562,104.582,89.173,84.357,86.136,83.747,102.017,104.319,104.593,104.605,3
152.0,234.0,0.986,-0.9618,-1.2512,0.0,0.0,-1.5,1.0,0.0,0.0,0.0,0.0,1.5,-0.5,2.0,-3.5,-0.5,0.5,1.0,-0.5,102.218,103.25,103.25,103.25,102.609,103.309,104.481,104.525,94.938,85.842,87.245,86.247,99.783,103.607,104.534,104.547,3
150.0,245.0,0.9715,0.2302,-1.2501,0.0,0.0,0.0,0.0,0.0,0.0,0.0,0.0,0.5,-0.5,0.0,0.0,2.5,-2.5,-0.5,0.5,102.218,103.25,103.25,103.25,102.157,101.148,104.054,104.245,94.716,88.033,84.318,83.227,100.434,101.977,104.177,104.289,3
154.0,243.0,0.985,-0.8781,-1.1842,0.0,0.0,0.0,0.0,0.0,0.0,0.0,0.0,0.0,0.0,1.5,-1.5,1.5,-1.5,-2.0,2.0,102.218,103.25,103.25,103.25,103.497,103.233,104.549,104.549,92.175,85.031,86.22,84.542,99.048,102.811,103.174,104.398,3
145.0,265.0,0.9876,-0.7685,-1.32,0.0,0.0,0.0,0.0,0.0,0.0,0.0,0.0,0.0,0.0,-1.0,1.0,-1.0,1.0,1.5,-1.5,102.218,103.25,103.25,103.25,102.91,103.139,104.566,104.553,95.984,90.643,89.518,88.169,101.458,104.012,104.612,104.615,3
147.0,248.0,0.9846,-0.7337,-1.116,0.0,0.0,0.0,0.0,0.0,0.0,0.0,0.0,0.0,0.0,-1.5,1.5,-0.5,0.5,-1.5,1.5,102.218,103.25,103.25,103.25,102.472,102.44,104.339,103.502,92.132,80.958,81.47,79.892,98.399,103.886,104.508,104.516,3
151.0,228.0,0.985,-1.01,-1.258,0.5,0.5,2.5,-1.5,0.5,-0.5,1.5,-0.5,0.5,0.5,0.5,1.0,2.5,-1.5,0.0,0.0,102.218,103.25,103.25,103.25,101.135,101.789,100.956,102.746,83.659,85.099,85.979,85.81,96.431,99.249,102.914,104.481,3
146.0,262.0,0.9871,-0.7601,-1.3351,0.0,0.0,0.0,0.0,0.0,0.0,0.0,0.0,0.0,0.0,-1.0,1.0,1.0,-1.0,0.5,-0.5,102.218,103.25,103.25,103.25,103.496,101.994,104.151,104.518,97.985,85.752,87.948,87.013,101.938,103.688,104.511,104.507,3
152.0,234.0,0.9774,-0.0952,-1.1269,0.0,0.0,-0.5,0.5,0.0,0.0,0.5,-0.5,-1.0,1.0,2.5,-2.5,0.0,-0.5,0.0,0.0,102.218,103.25,103.25,103.25,100.144,100.234,104.035,102.889,87.626,84.04,81.328,80.79,99.632,99.869,102.534,104.178,3
154.0,246.0,0.9849,-0.3881,-1.1734,0.0,0.0,0.0,0.0,0.0,0.0,0.0,0.0,-1.0,2.0,-2.0,1.0,1.5,-1.5,2.0,-2.0,102.218,103.25,103.25,103.25,101.998,103.329,104.585,104.607,92.352,84.299,84.734,86.2,102.22,103.332,103.385,103.617,3
169.0,252.0,0.9816,0.3181,-1.3004,0.0,0.0,0.0,0.0,0.0,0.0,0.0,0.0,0.0,-0.5,0.0,0.0,0.0,-0.5,0.0,0.0,102.218,103.25,103.25,103.25,102.385,104.171,103.811,103.361,97.418,101.046,97.39,94.734,97.805,102.247,103.298,104.052,14
168.0,248.0,0.9747,-0.2499,-1.1933,0.0,0.0,0.0,0.0,0.0,0.0,0.0,0.0,0.0,0.0,0.0,0.0,1.0,0.0,-1.0,1.0,102.218,103.25,103.25,103.25,102.033,104.071,103.521,103.259,97.522,100.991,96.838,93.066,96.704,101.108,103.225,103.778,14
186.0,241.0,0.9723,0.9014,-1.4043,0.0,0.0,0.0,0.0,0.0,0.0,0.0,0.0,0.5,-0.5,0.0,0.0,0.0,0.0,0.0,0.0,102.218,103.25,103.25,103.25,101.995,102.711,103.558,103.279,98.458,102.356,99.364,96.751,95.275,99.244,100.036,99.769,14
165.0,260.0,0.9676,0.3666,-1.3377,0.0,0.0,0.0,0.0,0.0,0.0,0.0,0.0,1.0,-1.0,0.0,0.0,0.5,0.5,-0.5,0.5,102.218,103.25,103.25,103.25,101.878,103.848,103.326,102.184,97.687,101.083,97.824,94.962,97.791,102.639,103.536,103.817,14
170.0,236.0,0.9713,0.7042,-1.4024,0.0,0.0,0.0,0.0,0.0,0.0,0.0,0.0,-0.5,0.5,0.0,0.0,0.0,0.0,-0.5,0.5,102.218,103.25,103.25,103.25,102.114,103.97,103.618,103.222,96.901,101.457,97.56,92.416,97.105,101.685,102.135,103.869,14
169.0,249.0,0.977,0.1978,-1.542,0.0,0.0,0.0,0.0,0.0,0.0,0.0,0.0,1.5,0.0,0.5,-0.5,0.0,0.0,1.0,0.0,102.218,103.25,103.25,103.25,102.94,103.236,103.982,102.906,98.944,98.27,100.31,95.391,98.453,101.292,102.948,103.756,14
167.0,247.0,0.9804,0.1117,-1.436,0.0,0.0,0.0,0.0,0.0,0.0,0.0,0.0,0.0,0.0,0.0,0.0,1.0,0.0,-0.5,0.5,102.218,103.25,103.25,103.25,102.509,104.081,104.078,103.294,97.124,100.242,98.097,94.649,98.355,102.609,103.437,104.053,14
169.0,225.0,0.9808,0.5586,-1.3617,0.0,0.0,0.0,0.0,0.0,0.0,0.0,0.0,-0.5,0.5,0.0,0.0,-0.5,0.0,0.0,0.0,102.218,103.25,103.25,103.25,102.599,104.015,103.511,103.089,96.793,100.647,96.937,93.53,98.107,102.629,103.766,104.014,14
165.0,265.0,0.9708,0.4133,-1.1989,0.0,0.0,0.0,0.0,0.0,0.0,0.0,0.0,0.0,0.0,0.0,0.0,-0.5,0.0,-0.5,0.5,102.218,103.25,103.25,103.25,102.506,103.788,103.707,103.007,97.793,101.174,97.578,94.698,98.55,102.629,103.751,103.915,14
157.0,256.0,0.9672,-0.0443,-1.3064,0.0,0.0,0.0,0.0,0.0,0.0,0.0,0.0,0.0,0.0,-0.5,0.5,0.0,0.0,0.0,0.0,102.218,103.25,103.25,103.25,102.313,103.274,103.274,102.153,98.191,98.801,97.483,95.313,98.791,103.117,103.649,103.65,14
180.0,231.0,0.9708,2.6173,-1.3775,0.0,0.0,0.0,0.0,0.0,0.0,0.0,0.0,0.0,0.0,0.0,0.0,0.0,0.0,0.5,-0.5,102.218,103.25,103.25,103.25,101.45,103.866,103.516,103.587,97.002,102.136,98.826,96.152,95.565,100.572,100.552,101.219,14
166.0,245.0,0.9816,-0.4616,-1.3033,0.0,0.0,0.0,0.0,0.0,0.0,0.0,0.0,1.0,-1.0,0.0,0.0,-1.0,0.5,1.5,-1.5,102.218,103.25,103.25,103.25,102.596,104.211,103.995,103.383,97.551,100.999,96.129,93.863,98.245,102.34,104.013,104.15,14
175.0,257.0,0.9688,0.3864,-1.2308,0.0,0.0,0.0,0.0,0.0,0.0,0.0,0.0,-1.0,1.0,0.0,0.0,0.0,0.0,0.0,0.0,102.218,103.25,103.25,103.25,101.65,103.851,103.207,103.02,97.43,101.597,98.233,93.674,96.041,100.447,101.926,103.054,14
173.0,241.0,0.9737,-0.0271,-1.3561,0.0,0.0,0.0,0.0,0.0,0.0,0.0,0.0,1.0,-1.0,0.5,-0.5,0.0,0.0,0.0,0.0,102.218,103.25,103.25,103.25,102.182,103.622,103.241,102.548,97.82,101.342,96.717,93.121,94.516,99.215,101.007,103.283,14
169.0,247.0,0.9599,-0.244,-1.413,0.0,0.0,0.0,0.0,0.0,0.0,0.0,0.0,0.0,0.0,0.0,0.0,0.0,0.0,0.5,-0.5,102.218,103.25,103.25,103.25,101.82,103.445,102.831,101.87,98.749,100.468,97.918,94.472,95.07,101.513,102.07,103.385,14
164.0,246.0,0.9746,0.0625,-1.4847,0.0,0.0,0.0,0.0,0.0,0.0,0.0,0.0,0.0,0.0,0.0,0.0,0.0,0.0,0.5,-0.5,102.218,103.25,103.25,103.25,102.788,103.502,103.946,102.704,97.467,99.091,97.319,94.704,98.177,103.079,103.697,103.912,14
175.0,243.0,0.9804,1.0042,-1.3503,0.0,0.0,0.0,0.0,0.0,0.0,0.0,0.0,0.0,0.0,0.5,-0.5,0.0,0.0,1.0,-1.0,102.218,103.25,103.25,103.25,102.443,104.165,103.996,103.59,96.879,101.002,98.15,95.522,97.863,101.41,101.834,102.261,14
169.0,243.0,0.985,-0.2544,-1.3991,0.0,0.0,0.0,0.0,0.0,0.0,0.0,0.0,-0.5,0.5,0.0,0.0,-1.5,1.5,0.0,0.0,102.218,103.25,103.25,103.25,102.731,103.506,104.11,103.438,97.485,101.067,97.693,94.538,98.84,101.331,103.904,104.108,14
169.0,226.0,0.9787,0.9404,-1.47,0.0,0.0,0.0,0.0,0.0,0.0,0.0,0.0,1.0,0.5,0.0,0.0,0.5,-0.5,0.0,0.0,102.218,103.25,103.25,103.25,102.374,104.125,104.063,103.331,94.934,100.378,97.303,94.412,98.312,102.263,101.84,102.59,14
171.0,229.0,0.9707,0.1334,-1.4883,0.0,0.0,0.0,0.0,0.0,0.0,0.0,0.0,0.0,0.0,-0.5,0.5,0.0,0.0,0.5,-0.5,102.218,103.25,103.25,103.25,101.97,103.232,103.5,101.903,96.98,101.186,97.572,93.645,95.207,100.519,102.277,103.338,14
173.0,256.0,0.9713,1.6832,-1.3636,0.0,0.0,0.0,0.0,0.0,0.0,0.0,0.0,-0.5,0.5,0.5,-0.5,0.0,0.0,0.0,0.0,102.218,103.25,103.25,103.25,102.343,103.557,103.7,103.564,97.709,100.239,98.871,96.469,98.893,102.029,102.114,102.0,14
164.0,249.0,0.9737,-0.5501,-1.4794,0.0,0.0,0.0,0.0,0.0,0.0,0.0,0.0,0.5,-0.5,0.0,0.0,-2.0,2.0,1.0,-1.0,102.218,103.25,103.25,103.25,102.459,103.354,103.746,102.565,97.92,100.574,98.219,94.488,97.908,102.141,103.68,103.708,14
171.0,258.0,0.9682,1.2182,-1.1775,0.0,0.0,0.0,0.0,0.0,0.0,0.0,0.0,0.0,0.0,1.0,-1.0,0.0,0.0,0.0,0.0,102.218,103.25,103.25,103.25,102.103,103.548,103.761,103.025,98.187,101.072,98.242,94.481,98.77,102.552,102.684,103.802,14
170.0,222.0,0.974,0.4311,-1.4795,0.0,0.0,0.0,0.0,0.0,0.0,0.0,0.0,-1.0,1.0,0.0,0.0,1.0,-1.0,-1.0,2.0,102.218,103.25,103.25,103.25,101.69,103.757,103.605,102.793,95.559,100.713,96.448,93.948,95.563,102.186,101.443,102.352,14
152.0,283.0,0.9603,0.6497,-0.904,0.0,0.0,1.0,0.0,1.0,0.5,0.0,0.0,0.0,0.0,-0.5,0.0,-0.5,0.0,0.5,-0.5,102.127,103.158,103.004,103.15,101.93,101.052,101.523,102.511,101.87,97.268,93.598,93.332,97.924,99.5,99.924,101.672,16
149.0,258.0,0.9622,3.7424,-1.2232,0.0,0.0,0.0,0.0,0.0,0.0,0.0,0.0,0.0,0.0,-0.5,1.0,0.5,-0.5,0.0,0.0,102.218,103.25,103.25,103.25,101.915,100.587,102.889,102.237,96.133,94.569,93.089,92.509,101.534,100.71,100.46,100.635,16
180.0,263.0,0.9543,-0.2649,-0.9952,0.0,0.0,0.0,0.0,0.0,0.0,0.0,0.0,0.0,0.0,0.0,0.0,0.5,-0.5,0.5,-0.5,102.218,103.25,103.25,103.25,102.414,101.978,103.448,103.447,99.145,96.656,97.936,98.846,98.323,99.592,99.293,98.104,16
144.0,256.0,0.9274,2.3474,-1.0581,0.0,0.0,0.5,-0.5,0.0,0.0,0.0,0.0,0.0,0.0,-1.0,1.0,-0.5,0.5,-0.5,0.5,102.031,102.613,103.091,103.092,101.711,98.231,101.114,102.645,94.53,92.565,92.639,93.924,101.885,102.451,100.592,101.229,16
157.0,246.0,0.9611,4.973,-1.0886,0.0,0.0,0.0,0.0,0.0,0.0,0.0,0.0,-0.5,0.0,-0.5,-0.5,0.0,0.0,0.5,-0.5,102.218,103.25,103.25,103.25,102.443,100.698,103.496,103.523,96.198,95.391,93.632,93.519,101.615,101.427,100.405,101.286,16
149.0,272.0,0.961,2.5395,-0.8389,0.0,0.0,0.0,0.0,0.5,-0.5,0.0,0.0,-0.5,0.5,-1.0,1.0,-0.5,0.5,0.5,-0.5,102.218,103.25,103.25,103.25,102.633,102.537,102.126,103.659,96.908,95.293,90.336,93.522,102.612,103.527,102.563,101.466,16
148.0,230.0,0.9491,0.998,-0.5635,0.0,0.0,0.0,0.0,0.0,0.0,0.0,0.0,-0.5,0.5,2.0,-1.0,0.0,0.0,-0.5,0.5,102.218,103.25,103.25,103.25,102.09,100.896,103.255,103.16,96.664,91.609,94.221,93.532,102.201,102.404,102.084,102.886,16
165.0,252.0,0.8893,48.7523,-1.2489,0.0,0.0,0.0,0.0,0.0,0.0,0.0,0.0,0.0,0.0,-0.5,0.5,0.0,0.0,0.5,-0.5,100.624,101.548,102.432,102.432,101.333,102.99,102.997,102.997,93.953,96.84,98.05,97.765,101.811,102.966,102.844,102.677,16
172.0,279.0,0.9299,-0.5622,-0.8081,0.0,0.0,0.0,0.0,0.0,0.0,0.0,0.0,0.0,0.0,0.0,0.0,0.0,0.0,-1.0,1.0,102.134,103.073,103.165,103.166,101.968,99.339,102.647,102.995,101.045,98.991,97.525,96.585,96.657,97.921,97.41,98.112,16
151.0,270.0,0.9484,0.8011,-1.2942,0.0,0.0,0.0,0.0,0.0,0.0,0.0,0.0,-0.5,0.5,0.0,0.0,0.0,0.0,0.0,0.0,101.805,101.491,102.832,102.833,100.447,97.511,101.126,102.999,95.746,95.668,95.075,93.335,101.957,102.148,101.224,100.712,16
157.0,264.0,0.9688,6.3805,-1.1695,0.0,0.0,0.5,-0.5,0.0,0.0,0.0,0.0,-0.5,0.5,-0.5,-1.0,0.5,-0.5,-0.5,0.5,102.218,103.25,103.25,103.25,102.167,100.665,103.216,103.212,96.302,93.403,93.317,94.037,102.183,103.204,101.683,101.64,16
156.0,245.0,0.9677,0.6863,-1.2296,0.0,0.0,0.0,0.0,0.0,0.0,0.0,0.0,0.0,0.0,0.5,-0.5,0.0,0.0,0.5,-0.5,102.218,103.25,103.25,103.25,102.283,100.837,103.315,103.316,99.979,95.787,96.695,96.21,98.664,99.102,100.176,101.258,16
135.0,239.0,0.9672,2.723,-0.8966,1.5,0.0,-0.5,0.5,0.0,0.0,0.0,0.0,-1.0,1.0,0.0,0.0,0.0,0.0,0.0,0.0,102.056,102.587,103.096,103.094,100.999,98.154,100.759,102.399,95.704,93.353,91.558,95.123,101.953,102.992,102.993,102.993,16
148.0,265.0,0.922,10.8055,-0.8759,0.0,0.0,0.0,0.0,0.5,-0.5,0.0,0.0,0.0,0.0,0.5,-0.5,0.0,0.0,-1.0,1.0,102.003,102.343,102.913,103.033,101.962,100.959,102.798,103.0,94.375,93.15,92.256,92.034,101.969,102.448,101.311,102.713,16
154.0,266.0,0.947,7.8537,-0.9108,0.0,0.0,0.0,0.0,0.0,0.0,0.0,0.0,-0.5,0.5,0.0,0.0,0.5,-0.5,0.5,-0.5,102.218,103.25,103.25,103.25,102.284,101.682,102.711,103.314,98.08,94.31,94.437,93.493,102.282,103.082,101.472,103.176,16
174.0,274.0,0.9524,4.9585,-1.0941,0.0,0.0,0.0,0.0,0.0,0.0,0.0,0.0,0.0,0.0,-0.5,-1.5,-0.5,0.5,-0.5,0.5,102.002,102.59,102.649,103.029,101.95,100.863,102.904,102.997,101.322,96.785,97.319,98.739,98.176,98.612,97.774,97.272,16
151.0,232.0,0.9328,0.988,-1.1375,-0.5,0.5,-0.5,0.5,0.0,0.0,0.0,0.0,0.5,-0.5,0.0,0.0,-1.0,1.0,-1.5,0.5,102.218,103.25,103.25,103.25,98.424,97.824,101.636,102.022,92.646,92.667,90.987,92.696,101.261,100.419,100.509,99.984,16
151.0,266.0,0.9562,5.4932,-0.9966,0.0,0.0,0.0,0.0,0.0,0.0,0.0,0.0,0.0,0.0,0.0,0.0,-0.5,0.5,-1.5,1.5,101.705,102.537,101.603,102.745,101.941,100.901,102.958,102.942,98.854,95.16,91.749,92.64,101.923,101.487,101.193,102.323,16
156.0,270.0,0.9456,2.0181,-1.1654,0.0,0.0,0.5,-0.5,0.0,0.0,0.0,0.0,0.0,0.0,0.0,0.0,-2.0,0.5,0.0,0.0,101.635,101.5,102.481,102.665,101.956,100.277,102.753,102.999,95.464,96.149,94.905,96.53,101.97,99.624,98.126,97.871,16
147.0,269.0,0.934,3.6081,-1.1318,0.0,0.0,-0.5,0.5,0.0,0.5,0.0,0.0,0.0,0.0,-3.0,2.0,0.0,0.0,-0.5,0.5,102.218,103.25,103.25,103.25,101.343,100.469,101.425,103.007,97.18,92.681,93.188,92.728,101.973,101.66,100.538,101.088,16
158.0,278.0,0.9241,4.4603,-0.9931,0.0,0.0,0.0,0.0,0.0,0.0,0.0,0.0,0.0,0.0,0.5,-0.5,0.5,-1.0,1.5,0.0,102.036,102.474,103.065,103.065,101.969,101.112,102.998,102.993,97.544,94.781,93.209,95.496,101.97,101.692,101.348,100.269,16
168.0,275.0,0.9567,6.2561,-1.1677,0.0,0.0,-0.5,0.5,-1.0,1.0,0.0,0.0,0.0,0.0,0.0,1.0,0.0,0.0,1.0,-0.5,102.218,103.25,103.25,103.25,101.984,100.926,102.409,102.173,101.889,96.168,94.522,92.204,96.95,98.461,99.403,100.088,16
159.0,264.0,0.9081,2.3542,-1.2937,0.0,0.0,0.0,0.0,0.0,0.0,0.0,0.0,-0.5,0.0,0.5,-0.5,-0.5,0.5,-0.5,0.5,101.736,101.705,102.762,102.766,101.329,101.691,102.991,102.997,95.58,96.573,95.85,96.712,99.522,98.803,98.404,97.665,16
